"filename", "language", "Shell Script", "YAML", "PowerShell", "Python", "Markdown", "JSON", "Docker", "HTML", "Batch", "CSS", "JavaScript", "C++", "Ini", "XML", "reStructuredText", "JSON with Comments", "Properties", "comment", "blank", "total"
"/home/jklasen/A-DRZ/argus/README.md", "Markdown", 0, 0, 0, 0, 54, 0, 0, 0, 0, 0, 0, 0, 0, 0, 0, 0, 0, 0, 23, 77
"/home/jklasen/A-DRZ/argus/app/Dockerfile", "Docker", 0, 0, 0, 0, 0, 0, 11, 0, 0, 0, 0, 0, 0, 0, 0, 0, 0, 0, 7, 18
"/home/jklasen/A-DRZ/argus/app/__init__.py", "Python", 0, 0, 0, 0, 0, 0, 0, 0, 0, 0, 0, 0, 0, 0, 0, 0, 0, 0, 1, 1
"/home/jklasen/A-DRZ/argus/app/data_share_manager.py", "Python", 0, 0, 0, 77, 0, 0, 0, 0, 0, 0, 0, 0, 0, 0, 0, 0, 0, 3, 17, 97
"/home/jklasen/A-DRZ/argus/app/detection_manager.py", "Python", 0, 0, 0, 36, 0, 0, 0, 0, 0, 0, 0, 0, 0, 0, 0, 0, 0, 2, 8, 46
"/home/jklasen/A-DRZ/argus/app/export/export_sqlite3_to_nerf.py", "Python", 0, 0, 0, 213, 0, 0, 0, 0, 0, 0, 0, 0, 0, 0, 0, 0, 0, 21, 65, 299
"/home/jklasen/A-DRZ/argus/app/export/util.py", "Python", 0, 0, 0, 17, 0, 0, 0, 0, 0, 0, 0, 0, 0, 0, 0, 0, 0, 1, 4, 22
"/home/jklasen/A-DRZ/argus/app/keyframes.py", "Python", 0, 0, 0, 68, 0, 0, 0, 0, 0, 0, 0, 0, 0, 0, 0, 0, 0, 0, 13, 81
"/home/jklasen/A-DRZ/argus/app/main.py", "Python", 0, 0, 0, 22, 0, 0, 0, 0, 0, 0, 0, 0, 0, 0, 0, 0, 0, 10, 15, 47
"/home/jklasen/A-DRZ/argus/app/mapping/__init__.py", "Python", 0, 0, 0, 0, 0, 0, 0, 0, 0, 0, 0, 0, 0, 0, 0, 0, 0, 0, 1, 1
"/home/jklasen/A-DRZ/argus/app/mapping/camera_metadata_tags.json", "JSON", 0, 0, 0, 0, 0, 114, 0, 0, 0, 0, 0, 0, 0, 0, 0, 0, 0, 0, 2, 116
"/home/jklasen/A-DRZ/argus/app/mapping/camera_properties.py", "Python", 0, 0, 0, 58, 0, 0, 0, 0, 0, 0, 0, 0, 0, 0, 0, 0, 0, 1, 13, 72
"/home/jklasen/A-DRZ/argus/app/mapping/camera_specs.json", "JSON", 0, 0, 0, 0, 0, 12, 0, 0, 0, 0, 0, 0, 0, 0, 0, 0, 0, 0, 2, 14
"/home/jklasen/A-DRZ/argus/app/mapping/exif_header.py", "Python", 0, 0, 0, 254, 0, 0, 0, 0, 0, 0, 0, 0, 0, 0, 0, 0, 0, 24, 62, 340
"/home/jklasen/A-DRZ/argus/app/mapping/filter.py", "Python", 0, 0, 0, 18, 0, 0, 0, 0, 0, 0, 0, 0, 0, 0, 0, 0, 0, 1, 6, 25
"/home/jklasen/A-DRZ/argus/app/mapping/filter_thread.py", "Python", 0, 0, 0, 24, 0, 0, 0, 0, 0, 0, 0, 0, 0, 0, 0, 0, 0, 11, 32, 67
"/home/jklasen/A-DRZ/argus/app/mapping/gimbal_pitch_filter.py", "Python", 0, 0, 0, 21, 0, 0, 0, 0, 0, 0, 0, 0, 0, 0, 0, 0, 0, 1, 7, 29
"/home/jklasen/A-DRZ/argus/app/mapping/gps.py", "Python", 0, 0, 0, 131, 0, 0, 0, 0, 0, 0, 0, 0, 0, 0, 0, 0, 0, 76, 30, 237
"/home/jklasen/A-DRZ/argus/app/mapping/image.py", "Python", 0, 0, 0, 120, 0, 0, 0, 0, 0, 0, 0, 0, 0, 0, 0, 0, 0, 3, 27, 150
"/home/jklasen/A-DRZ/argus/app/mapping/imageTypeSorter.py", "Python", 0, 0, 0, 51, 0, 0, 0, 0, 0, 0, 0, 0, 0, 0, 0, 0, 0, 1, 17, 69
"/home/jklasen/A-DRZ/argus/app/mapping/image_mapper.py", "Python", 0, 0, 0, 477, 0, 0, 0, 0, 0, 0, 0, 0, 0, 0, 0, 0, 0, 16, 107, 600
"/home/jklasen/A-DRZ/argus/app/mapping/image_mapper_process.py", "Python", 0, 0, 0, 330, 0, 0, 0, 0, 0, 0, 0, 0, 0, 0, 0, 0, 0, 36, 45, 411
"/home/jklasen/A-DRZ/argus/app/mapping/image_processor.py", "Python", 0, 0, 0, 249, 0, 0, 0, 0, 0, 0, 0, 0, 0, 0, 0, 0, 0, 30, 79, 358
"/home/jklasen/A-DRZ/argus/app/mapping/infrared_rgb_sorter.py", "Python", 0, 0, 0, 94, 0, 0, 0, 0, 0, 0, 0, 0, 0, 0, 0, 0, 0, 3, 30, 127
"/home/jklasen/A-DRZ/argus/app/mapping/ir_camera_resolutions.json", "JSON", 0, 0, 0, 0, 0, 6, 0, 0, 0, 0, 0, 0, 0, 0, 0, 0, 0, 0, 0, 6
"/home/jklasen/A-DRZ/argus/app/mapping/map.py", "Python", 0, 0, 0, 217, 0, 0, 0, 0, 0, 0, 0, 0, 0, 0, 0, 0, 0, 58, 82, 357
"/home/jklasen/A-DRZ/argus/app/mapping/map_element.py", "Python", 0, 0, 0, 36, 0, 0, 0, 0, 0, 0, 0, 0, 0, 0, 0, 0, 0, 1, 10, 47
"/home/jklasen/A-DRZ/argus/app/mapping/map_scaler.py", "Python", 0, 0, 0, 248, 0, 0, 0, 0, 0, 0, 0, 0, 0, 0, 0, 0, 0, 77, 85, 410
"/home/jklasen/A-DRZ/argus/app/mapping/mapper_thread.py", "Python", 0, 0, 0, 169, 0, 0, 0, 0, 0, 0, 0, 0, 0, 0, 0, 0, 0, 12, 48, 229
"/home/jklasen/A-DRZ/argus/app/mapping/metadata.py", "Python", 0, 0, 0, 288, 0, 0, 0, 0, 0, 0, 0, 0, 0, 0, 0, 0, 0, 5, 62, 355
"/home/jklasen/A-DRZ/argus/app/mapping/pano_filter.py", "Python", 0, 0, 0, 22, 0, 0, 0, 0, 0, 0, 0, 0, 0, 0, 0, 0, 0, 1, 9, 32
"/home/jklasen/A-DRZ/argus/app/mapping/rectangle.py", "Python", 0, 0, 0, 46, 0, 0, 0, 0, 0, 0, 0, 0, 0, 0, 0, 0, 0, 1, 14, 61
"/home/jklasen/A-DRZ/argus/app/mapping/sorter.py", "Python", 0, 0, 0, 18, 0, 0, 0, 0, 0, 0, 0, 0, 0, 0, 0, 0, 0, 1, 6, 25
"/home/jklasen/A-DRZ/argus/app/mapping/weather.py", "Python", 0, 0, 0, 45, 0, 0, 0, 0, 0, 0, 0, 0, 0, 0, 0, 0, 0, 7, 15, 67
"/home/jklasen/A-DRZ/argus/app/mapping/xmp.py", "Python", 0, 0, 0, 68, 0, 0, 0, 0, 0, 0, 0, 0, 0, 0, 0, 0, 0, 1, 11, 80
"/home/jklasen/A-DRZ/argus/app/nodeodm_manager.py", "Python", 0, 0, 0, 121, 0, 0, 0, 0, 0, 0, 0, 0, 0, 0, 0, 0, 0, 31, 31, 183
"/home/jklasen/A-DRZ/argus/app/project_manager.py", "Python", 0, 0, 0, 911, 0, 0, 0, 0, 0, 0, 0, 0, 0, 0, 0, 0, 0, 73, 228, 1212
"/home/jklasen/A-DRZ/argus/app/server.py", "Python", 0, 0, 0, 1319, 0, 0, 0, 0, 0, 0, 0, 0, 0, 0, 0, 0, 0, 87, 197, 1603
"/home/jklasen/A-DRZ/argus/app/slam_manager.py", "Python", 0, 0, 0, 72, 0, 0, 0, 0, 0, 0, 0, 0, 0, 0, 0, 0, 0, 0, 8, 80
"/home/jklasen/A-DRZ/argus/app/static/default/Westf√§lische_Hochschule_Logo.svg", "XML", 0, 0, 0, 0, 0, 0, 0, 0, 0, 0, 0, 0, 0, 8, 0, 0, 0, 0, 0, 8
"/home/jklasen/A-DRZ/argus/app/static/default/dropzone.min.css", "CSS", 0, 0, 0, 0, 0, 0, 0, 0, 0, 1, 0, 0, 0, 0, 0, 0, 0, 0, 0, 1
"/home/jklasen/A-DRZ/argus/app/static/default/dropzone.min.js", "JavaScript", 0, 0, 0, 0, 0, 0, 0, 0, 0, 0, 1, 0, 0, 0, 0, 0, 0, 0, 0, 1
"/home/jklasen/A-DRZ/argus/app/static/default/fabric.min.js", "JavaScript", 0, 0, 0, 0, 0, 0, 0, 0, 0, 0, 1, 0, 0, 0, 0, 0, 0, 0, 0, 1
"/home/jklasen/A-DRZ/argus/app/static/default/gradient_luts/gradient_lut_1.json", "JSON", 0, 0, 0, 0, 0, 1, 0, 0, 0, 0, 0, 0, 0, 0, 0, 0, 0, 0, 0, 1
"/home/jklasen/A-DRZ/argus/app/static/default/gradient_luts/gradient_lut_10.json", "JSON", 0, 0, 0, 0, 0, 1, 0, 0, 0, 0, 0, 0, 0, 0, 0, 0, 0, 0, 0, 1
"/home/jklasen/A-DRZ/argus/app/static/default/gradient_luts/gradient_lut_2.json", "JSON", 0, 0, 0, 0, 0, 1, 0, 0, 0, 0, 0, 0, 0, 0, 0, 0, 0, 0, 0, 1
"/home/jklasen/A-DRZ/argus/app/static/default/gradient_luts/gradient_lut_3.json", "JSON", 0, 0, 0, 0, 0, 1, 0, 0, 0, 0, 0, 0, 0, 0, 0, 0, 0, 0, 0, 1
"/home/jklasen/A-DRZ/argus/app/static/default/gradient_luts/gradient_lut_4.json", "JSON", 0, 0, 0, 0, 0, 1, 0, 0, 0, 0, 0, 0, 0, 0, 0, 0, 0, 0, 0, 1
"/home/jklasen/A-DRZ/argus/app/static/default/gradient_luts/gradient_lut_5.json", "JSON", 0, 0, 0, 0, 0, 1, 0, 0, 0, 0, 0, 0, 0, 0, 0, 0, 0, 0, 0, 1
"/home/jklasen/A-DRZ/argus/app/static/default/gradient_luts/gradient_lut_6.json", "JSON", 0, 0, 0, 0, 0, 1, 0, 0, 0, 0, 0, 0, 0, 0, 0, 0, 0, 0, 0, 1
"/home/jklasen/A-DRZ/argus/app/static/default/gradient_luts/gradient_lut_7.json", "JSON", 0, 0, 0, 0, 0, 1, 0, 0, 0, 0, 0, 0, 0, 0, 0, 0, 0, 0, 0, 1
"/home/jklasen/A-DRZ/argus/app/static/default/gradient_luts/gradient_lut_8.json", "JSON", 0, 0, 0, 0, 0, 1, 0, 0, 0, 0, 0, 0, 0, 0, 0, 0, 0, 0, 0, 1
"/home/jklasen/A-DRZ/argus/app/static/default/gradient_luts/gradient_lut_9.json", "JSON", 0, 0, 0, 0, 0, 1, 0, 0, 0, 0, 0, 0, 0, 0, 0, 0, 0, 0, 0, 1
"/home/jklasen/A-DRZ/argus/app/static/default/jquery-3.6.3.js", "JavaScript", 0, 0, 0, 0, 0, 0, 0, 0, 0, 0, 6914, 0, 0, 0, 0, 0, 0, 1981, 2099, 10994
"/home/jklasen/A-DRZ/argus/app/static/default/js/CameraFrames.js", "JavaScript", 0, 0, 0, 0, 0, 0, 0, 0, 0, 0, 161, 0, 0, 0, 0, 0, 0, 5, 48, 214
"/home/jklasen/A-DRZ/argus/app/static/default/js/Mouse.js", "JavaScript", 0, 0, 0, 0, 0, 0, 0, 0, 0, 0, 93, 0, 0, 0, 0, 0, 0, 46, 18, 157
"/home/jklasen/A-DRZ/argus/app/static/default/js/PointCloud.js", "JavaScript", 0, 0, 0, 0, 0, 0, 0, 0, 0, 0, 136, 0, 0, 0, 0, 0, 0, 9, 36, 181
"/home/jklasen/A-DRZ/argus/app/static/default/js/ViewControls.js", "JavaScript", 0, 0, 0, 0, 0, 0, 0, 0, 0, 0, 249, 0, 0, 0, 0, 0, 0, 10, 68, 327
"/home/jklasen/A-DRZ/argus/app/static/default/js/lib/dat.gui.min.js", "JavaScript", 0, 0, 0, 0, 0, 0, 0, 0, 0, 0, 1, 0, 0, 0, 0, 0, 0, 12, 1, 14
"/home/jklasen/A-DRZ/argus/app/static/default/js/lib/protobuf.min.js", "JavaScript", 0, 0, 0, 0, 0, 0, 0, 0, 0, 0, 1, 0, 0, 0, 0, 0, 0, 7, 1, 9
"/home/jklasen/A-DRZ/argus/app/static/default/js/lib/stats.min.js", "JavaScript", 0, 0, 0, 0, 0, 0, 0, 0, 0, 0, 4, 0, 0, 0, 0, 0, 0, 1, 1, 6
"/home/jklasen/A-DRZ/argus/app/static/default/js/lib/three.min.js", "JavaScript", 0, 0, 0, 0, 0, 0, 0, 0, 0, 0, 983, 0, 0, 0, 0, 0, 0, 1, 1, 985
"/home/jklasen/A-DRZ/argus/app/static/default/js/main.js", "JavaScript", 0, 0, 0, 0, 0, 0, 0, 0, 0, 0, 216, 0, 0, 0, 0, 0, 0, 48, 45, 309
"/home/jklasen/A-DRZ/argus/app/static/default/js/socket.io.min.js", "JavaScript", 0, 0, 0, 0, 0, 0, 0, 0, 0, 0, 1, 0, 0, 0, 0, 0, 0, 6, 1, 8
"/home/jklasen/A-DRZ/argus/app/static/default/panellum/pannellum.css", "CSS", 0, 0, 0, 0, 0, 0, 0, 0, 0, 1, 0, 0, 0, 0, 0, 0, 0, 1, 0, 2
"/home/jklasen/A-DRZ/argus/app/static/default/panellum/pannellum.js", "JavaScript", 0, 0, 0, 0, 0, 0, 0, 0, 0, 0, 109, 0, 0, 0, 0, 0, 0, 1, 1, 111
"/home/jklasen/A-DRZ/argus/app/static/default/stitcher/stitcher_calibration.json", "JSON", 0, 0, 0, 0, 0, 106, 0, 0, 0, 0, 0, 0, 0, 0, 0, 0, 0, 0, 0, 106
"/home/jklasen/A-DRZ/argus/app/static/default/template.yaml", "YAML", 0, 48, 0, 0, 0, 0, 0, 0, 0, 0, 0, 0, 0, 0, 0, 0, 0, 25, 19, 92
"/home/jklasen/A-DRZ/argus/app/static/default/ui-elements/icon-back.svg", "XML", 0, 0, 0, 0, 0, 0, 0, 0, 0, 0, 0, 0, 0, 6, 0, 0, 0, 0, 0, 6
"/home/jklasen/A-DRZ/argus/app/static/default/ui-elements/icon-confirm.svg", "XML", 0, 0, 0, 0, 0, 0, 0, 0, 0, 0, 0, 0, 0, 6, 0, 0, 0, 0, 0, 6
"/home/jklasen/A-DRZ/argus/app/static/default/ui-elements/icon-delete.svg", "XML", 0, 0, 0, 0, 0, 0, 0, 0, 0, 0, 0, 0, 0, 6, 0, 0, 0, 0, 0, 6
"/home/jklasen/A-DRZ/argus/app/static/default/ui-elements/icon-edit.svg", "XML", 0, 0, 0, 0, 0, 0, 0, 0, 0, 0, 0, 0, 0, 6, 0, 0, 0, 0, 0, 6
"/home/jklasen/A-DRZ/argus/app/static/default/ui-elements/icon-share.svg", "XML", 0, 0, 0, 0, 0, 0, 0, 0, 0, 0, 0, 0, 0, 6, 0, 0, 0, 0, 0, 6
"/home/jklasen/A-DRZ/argus/app/static/default/ui-elements/icons-all.svg", "XML", 0, 0, 0, 0, 0, 0, 0, 0, 0, 0, 0, 0, 0, 28, 0, 0, 0, 0, 0, 28
"/home/jklasen/A-DRZ/argus/app/static/default/variables-dark.css", "CSS", 0, 0, 0, 0, 0, 0, 0, 0, 0, 34, 0, 0, 0, 0, 0, 0, 0, 0, 4, 38
"/home/jklasen/A-DRZ/argus/app/static/default/variables-light.css", "CSS", 0, 0, 0, 0, 0, 0, 0, 0, 0, 23, 0, 0, 0, 0, 0, 0, 0, 0, 2, 25
"/home/jklasen/A-DRZ/argus/app/templates/aiDetector.html", "HTML", 0, 0, 0, 0, 0, 0, 0, 1203, 0, 0, 0, 0, 0, 0, 0, 0, 0, 0, 246, 1449
"/home/jklasen/A-DRZ/argus/app/templates/aiDetectorSlam.html", "HTML", 0, 0, 0, 0, 0, 0, 0, 692, 0, 0, 0, 0, 0, 0, 0, 0, 0, 0, 108, 800
"/home/jklasen/A-DRZ/argus/app/templates/baseReport.html", "HTML", 0, 0, 0, 0, 0, 0, 0, 486, 0, 0, 0, 0, 0, 0, 0, 0, 0, 1, 91, 578
"/home/jklasen/A-DRZ/argus/app/templates/cameraSpecs.html", "HTML", 0, 0, 0, 0, 0, 0, 0, 142, 0, 0, 0, 0, 0, 0, 0, 0, 0, 0, 26, 168
"/home/jklasen/A-DRZ/argus/app/templates/detectionPopup.html", "HTML", 0, 0, 0, 0, 0, 0, 0, 227, 0, 0, 0, 0, 0, 0, 0, 0, 0, 0, 47, 274
"/home/jklasen/A-DRZ/argus/app/templates/flightData.html", "HTML", 0, 0, 0, 0, 0, 0, 0, 19, 0, 0, 0, 0, 0, 0, 0, 0, 0, 0, 1, 20
"/home/jklasen/A-DRZ/argus/app/templates/footer.html", "HTML", 0, 0, 0, 0, 0, 0, 0, 77, 0, 0, 0, 0, 0, 0, 0, 0, 0, 0, 11, 88
"/home/jklasen/A-DRZ/argus/app/templates/headerOverview.html", "HTML", 0, 0, 0, 0, 0, 0, 0, 156, 0, 0, 0, 0, 0, 0, 0, 0, 0, 0, 21, 177
"/home/jklasen/A-DRZ/argus/app/templates/headerReport.html", "HTML", 0, 0, 0, 0, 0, 0, 0, 131, 0, 0, 0, 0, 0, 0, 0, 0, 0, 0, 14, 145
"/home/jklasen/A-DRZ/argus/app/templates/keyframe_overview.html", "HTML", 0, 0, 0, 0, 0, 0, 0, 62, 0, 0, 0, 0, 0, 0, 0, 0, 0, 0, 3, 65
"/home/jklasen/A-DRZ/argus/app/templates/mapViewer.html", "HTML", 0, 0, 0, 0, 0, 0, 0, 695, 0, 0, 0, 0, 0, 0, 0, 0, 0, 3, 169, 867
"/home/jklasen/A-DRZ/argus/app/templates/panoViewer.html", "HTML", 0, 0, 0, 0, 0, 0, 0, 113, 0, 0, 0, 0, 0, 0, 0, 0, 0, 0, 11, 124
"/home/jklasen/A-DRZ/argus/app/templates/panoViewerSlam.html", "HTML", 0, 0, 0, 0, 0, 0, 0, 480, 0, 0, 0, 0, 0, 0, 0, 0, 0, 0, 37, 517
"/home/jklasen/A-DRZ/argus/app/templates/photoViewer.html", "HTML", 0, 0, 0, 0, 0, 0, 0, 1735, 0, 0, 0, 0, 0, 0, 0, 0, 0, 0, 339, 2074
"/home/jklasen/A-DRZ/argus/app/templates/poi_test.html", "HTML", 0, 0, 0, 0, 0, 0, 0, 123, 0, 0, 0, 0, 0, 0, 0, 0, 0, 0, 7, 130
"/home/jklasen/A-DRZ/argus/app/templates/popupEditDetectionType.html", "HTML", 0, 0, 0, 0, 0, 0, 0, 144, 0, 0, 0, 0, 0, 0, 0, 0, 0, 0, 37, 181
"/home/jklasen/A-DRZ/argus/app/templates/projectsOverview.html", "HTML", 0, 0, 0, 0, 0, 0, 0, 465, 0, 0, 0, 0, 0, 0, 0, 0, 0, 2, 71, 538
"/home/jklasen/A-DRZ/argus/app/templates/simpleUpload.html", "HTML", 0, 0, 0, 0, 0, 0, 0, 936, 0, 0, 0, 0, 0, 0, 0, 0, 0, 0, 205, 1141
"/home/jklasen/A-DRZ/argus/app/templates/stella_vslam_report.html", "HTML", 0, 0, 0, 0, 0, 0, 0, 753, 0, 0, 0, 0, 0, 0, 0, 0, 0, 1, 99, 853
"/home/jklasen/A-DRZ/argus/app/templates/stella_vslam_upload.html", "HTML", 0, 0, 0, 0, 0, 0, 0, 1129, 0, 0, 0, 0, 0, 0, 0, 0, 0, 10, 187, 1326
"/home/jklasen/A-DRZ/argus/app/templates/stella_vslam_upload_insv.html", "HTML", 0, 0, 0, 0, 0, 0, 0, 1076, 0, 0, 0, 0, 0, 0, 0, 0, 0, 6, 171, 1253
"/home/jklasen/A-DRZ/argus/app/templates/tableStyle.css", "CSS", 0, 0, 0, 0, 0, 0, 0, 0, 0, 16, 0, 0, 0, 0, 0, 0, 0, 0, 6, 22
"/home/jklasen/A-DRZ/argus/app/templates/weather.html", "HTML", 0, 0, 0, 0, 0, 0, 0, 19, 0, 0, 0, 0, 0, 0, 0, 0, 0, 0, 1, 20
"/home/jklasen/A-DRZ/argus/app/templates/webODM.html", "HTML", 0, 0, 0, 0, 0, 0, 0, 198, 0, 0, 0, 0, 0, 0, 0, 0, 0, 0, 15, 213
"/home/jklasen/A-DRZ/argus/app/thermal/__init__.py", "Python", 0, 0, 0, 0, 0, 0, 0, 0, 0, 0, 0, 0, 0, 0, 0, 0, 0, 0, 1, 1
"/home/jklasen/A-DRZ/argus/app/thermal/plugins/dji_thermal_sdk_v1.4_20220929/Readme.md", "Markdown", 0, 0, 0, 0, 90, 0, 0, 0, 0, 0, 0, 0, 0, 0, 0, 0, 0, 0, 42, 132
"/home/jklasen/A-DRZ/argus/app/thermal/plugins/dji_thermal_sdk_v1.4_20220929/tsdk-core/api/dirp_api.h", "C++", 0, 0, 0, 0, 0, 0, 0, 0, 0, 0, 0, 133, 0, 0, 0, 0, 0, 275, 49, 457
"/home/jklasen/A-DRZ/argus/app/thermal/plugins/dji_thermal_sdk_v1.4_20220929/tsdk-core/api/dirp_wrapper.h", "C++", 0, 0, 0, 0, 0, 0, 0, 0, 0, 0, 0, 40, 0, 0, 0, 0, 0, 24, 11, 75
"/home/jklasen/A-DRZ/argus/app/thermal/plugins/dji_thermal_sdk_v1.4_20220929/tsdk-core/lib/linux/release_x64/libv_list.ini", "Ini", 0, 0, 0, 0, 0, 0, 0, 0, 0, 0, 0, 0, 16, 0, 0, 0, 0, 0, 4, 20
"/home/jklasen/A-DRZ/argus/app/thermal/plugins/dji_thermal_sdk_v1.4_20220929/tsdk-core/lib/linux/release_x86/libv_list.ini", "Ini", 0, 0, 0, 0, 0, 0, 0, 0, 0, 0, 0, 0, 16, 0, 0, 0, 0, 0, 4, 20
"/home/jklasen/A-DRZ/argus/app/thermal/plugins/dji_thermal_sdk_v1.4_20220929/utility/bin/linux/release_x64/libv_list.ini", "Ini", 0, 0, 0, 0, 0, 0, 0, 0, 0, 0, 0, 0, 20, 0, 0, 0, 0, 0, 4, 24
"/home/jklasen/A-DRZ/argus/app/thermal/plugins/dji_thermal_sdk_v1.4_20220929/utility/bin/linux/release_x86/libv_list.ini", "Ini", 0, 0, 0, 0, 0, 0, 0, 0, 0, 0, 0, 0, 20, 0, 0, 0, 0, 0, 4, 24
"/home/jklasen/A-DRZ/argus/app/thermal/thermal.py", "Python", 0, 0, 0, 589, 0, 0, 0, 0, 0, 0, 0, 0, 0, 0, 0, 0, 0, 98, 121, 808
"/home/jklasen/A-DRZ/argus/app/thermal/thermal_analyser.py", "Python", 0, 0, 0, 124, 0, 0, 0, 0, 0, 0, 0, 0, 0, 0, 0, 0, 0, 12, 38, 174
"/home/jklasen/A-DRZ/argus/app/utilities/gradientDecomposer.py", "Python", 0, 0, 0, 74, 0, 0, 0, 0, 0, 0, 0, 0, 0, 0, 0, 0, 0, 23, 31, 128
"/home/jklasen/A-DRZ/argus/app/utilities/lutGenerator.py", "Python", 0, 0, 0, 64, 0, 0, 0, 0, 0, 0, 0, 0, 0, 0, 0, 0, 0, 32, 21, 117
"/home/jklasen/A-DRZ/argus/app/webodm_manager.py", "Python", 0, 0, 0, 210, 0, 0, 0, 0, 0, 0, 0, 0, 0, 0, 0, 0, 0, 19, 44, 273
"/home/jklasen/A-DRZ/argus/argus.ps1", "PowerShell", 0, 0, 14, 0, 0, 0, 0, 0, 0, 0, 0, 0, 0, 0, 0, 0, 0, 6, 6, 26
"/home/jklasen/A-DRZ/argus/argus.sh", "Shell Script", 50, 0, 0, 0, 0, 0, 0, 0, 0, 0, 0, 0, 0, 0, 0, 0, 0, 6, 9, 65
"/home/jklasen/A-DRZ/argus/deprecated/PanoramaViewer.py", "Python", 0, 0, 0, 58, 0, 0, 0, 0, 0, 0, 0, 0, 0, 0, 0, 0, 0, 4, 13, 75
"/home/jklasen/A-DRZ/argus/deprecated/comparator.py", "Python", 0, 0, 0, 74, 0, 0, 0, 0, 0, 0, 0, 0, 0, 0, 0, 0, 0, 18, 20, 112
"/home/jklasen/A-DRZ/argus/deprecated/feature_matcher.py", "Python", 0, 0, 0, 257, 0, 0, 0, 0, 0, 0, 0, 0, 0, 0, 0, 0, 0, 50, 48, 355
"/home/jklasen/A-DRZ/argus/deprecated/get-gps-info.sh", "Shell Script", 29, 0, 0, 0, 0, 0, 0, 0, 0, 0, 0, 0, 0, 0, 0, 0, 0, 27, 7, 63
"/home/jklasen/A-DRZ/argus/deprecated/html_map.py", "Python", 0, 0, 0, 649, 0, 0, 0, 0, 0, 0, 0, 0, 0, 0, 0, 0, 0, 5, 53, 707
"/home/jklasen/A-DRZ/argus/deprecated/image_mapper.py", "Python", 0, 0, 0, 355, 0, 0, 0, 0, 0, 0, 0, 0, 0, 0, 0, 0, 0, 32, 76, 463
"/home/jklasen/A-DRZ/argus/deprecated/image_mapper_for_falsk.py", "Python", 0, 0, 0, 450, 0, 0, 0, 0, 0, 0, 0, 0, 0, 0, 0, 0, 0, 44, 104, 598
"/home/jklasen/A-DRZ/argus/deprecated/intersection_calculator.py", "Python", 0, 0, 0, 130, 0, 0, 0, 0, 0, 0, 0, 0, 0, 0, 0, 0, 0, 101, 32, 263
"/home/jklasen/A-DRZ/argus/deprecated/main_new.py", "Python", 0, 0, 0, 454, 0, 0, 0, 0, 0, 0, 0, 0, 0, 0, 0, 0, 0, 67, 114, 635
"/home/jklasen/A-DRZ/argus/deprecated/main_old.py", "Python", 0, 0, 0, 60, 0, 0, 0, 0, 0, 0, 0, 0, 0, 0, 0, 0, 0, 22, 24, 106
"/home/jklasen/A-DRZ/argus/deprecated/mapViewer.html", "HTML", 0, 0, 0, 0, 0, 0, 0, 344, 0, 0, 0, 0, 0, 0, 0, 0, 0, 5, 54, 403
"/home/jklasen/A-DRZ/argus/deprecated/optimizer.py", "Python", 0, 0, 0, 15, 0, 0, 0, 0, 0, 0, 0, 0, 0, 0, 0, 0, 0, 1, 6, 22
"/home/jklasen/A-DRZ/argus/deprecated/pannellum.css", "CSS", 0, 0, 0, 0, 0, 0, 0, 0, 0, 1, 0, 0, 0, 0, 0, 0, 0, 1, 0, 2
"/home/jklasen/A-DRZ/argus/deprecated/pannellum.js", "JavaScript", 0, 0, 0, 0, 0, 0, 0, 0, 0, 0, 109, 0, 0, 0, 0, 0, 0, 1, 1, 111
"/home/jklasen/A-DRZ/argus/deprecated/path_reader.py", "Python", 0, 0, 0, 41, 0, 0, 0, 0, 0, 0, 0, 0, 0, 0, 0, 0, 0, 4, 6, 51
"/home/jklasen/A-DRZ/argus/deprecated/photoViewer.html", "HTML", 0, 0, 0, 0, 0, 0, 0, 1132, 0, 0, 0, 0, 0, 0, 0, 0, 0, 1, 172, 1305
"/home/jklasen/A-DRZ/argus/deprecated/randomizer.py", "Python", 0, 0, 0, 81, 0, 0, 0, 0, 0, 0, 0, 0, 0, 0, 0, 0, 0, 15, 30, 126
"/home/jklasen/A-DRZ/argus/deprecated/start-windows-docker.bat", "Batch", 0, 0, 0, 0, 0, 0, 0, 0, 15, 0, 0, 0, 0, 0, 0, 0, 0, 0, 0, 15
"/home/jklasen/A-DRZ/argus/deprecated/startProcessing.html", "HTML", 0, 0, 0, 0, 0, 0, 0, 359, 0, 0, 0, 0, 0, 0, 0, 0, 0, 3, 52, 414
"/home/jklasen/A-DRZ/argus/deprecated/template.html", "HTML", 0, 0, 0, 0, 0, 0, 0, 372, 0, 0, 0, 0, 0, 0, 0, 0, 0, 4, 28, 404
"/home/jklasen/A-DRZ/argus/deprecated/template360.html", "HTML", 0, 0, 0, 0, 0, 0, 0, 69, 0, 0, 0, 0, 0, 0, 0, 0, 0, 1, 6, 76
"/home/jklasen/A-DRZ/argus/deprecated/transformer.py", "Python", 0, 0, 0, 79, 0, 0, 0, 0, 0, 0, 0, 0, 0, 0, 0, 0, 0, 23, 25, 127
"/home/jklasen/A-DRZ/argus/deprecated/visualize_gpx.py", "Python", 0, 0, 0, 113, 0, 0, 0, 0, 0, 0, 0, 0, 0, 0, 0, 0, 0, 20, 20, 153
"/home/jklasen/A-DRZ/argus/deprecated/webODM/webODM_docker_manager.py", "Python", 0, 0, 0, 50, 0, 0, 0, 0, 0, 0, 0, 0, 0, 0, 0, 0, 0, 15, 18, 83
"/home/jklasen/A-DRZ/argus/deprecated/webODM/webODM_thread.py", "Python", 0, 0, 0, 58, 0, 0, 0, 0, 0, 0, 0, 0, 0, 0, 0, 0, 0, 5, 20, 83
"/home/jklasen/A-DRZ/argus/detection/Dockerfile", "Docker", 0, 0, 0, 0, 0, 0, 26, 0, 0, 0, 0, 0, 0, 0, 0, 0, 0, 5, 18, 49
"/home/jklasen/A-DRZ/argus/detection/config/_base_/datasets/cityscapes_detection.py", "Python", 0, 0, 0, 55, 0, 0, 0, 0, 0, 0, 0, 0, 0, 0, 0, 0, 0, 1, 1, 57
"/home/jklasen/A-DRZ/argus/detection/config/_base_/datasets/cityscapes_instance.py", "Python", 0, 0, 0, 55, 0, 0, 0, 0, 0, 0, 0, 0, 0, 0, 0, 0, 0, 1, 1, 57
"/home/jklasen/A-DRZ/argus/detection/config/_base_/datasets/coco_detection.py", "Python", 0, 0, 0, 48, 0, 0, 0, 0, 0, 0, 0, 0, 0, 0, 0, 0, 0, 1, 1, 50
"/home/jklasen/A-DRZ/argus/detection/config/_base_/datasets/coco_instance.py", "Python", 0, 0, 0, 48, 0, 0, 0, 0, 0, 0, 0, 0, 0, 0, 0, 0, 0, 1, 1, 50
"/home/jklasen/A-DRZ/argus/detection/config/_base_/datasets/coco_instance_semantic.py", "Python", 0, 0, 0, 53, 0, 0, 0, 0, 0, 0, 0, 0, 0, 0, 0, 0, 0, 1, 1, 55
"/home/jklasen/A-DRZ/argus/detection/config/_base_/datasets/coco_panoptic.py", "Python", 0, 0, 0, 58, 0, 0, 0, 0, 0, 0, 0, 0, 0, 0, 0, 0, 0, 1, 1, 60
"/home/jklasen/A-DRZ/argus/detection/config/_base_/datasets/deepfashion.py", "Python", 0, 0, 0, 52, 0, 0, 0, 0, 0, 0, 0, 0, 0, 0, 0, 0, 0, 1, 1, 54
"/home/jklasen/A-DRZ/argus/detection/config/_base_/datasets/lvis_v0.5_instance.py", "Python", 0, 0, 0, 23, 0, 0, 0, 0, 0, 0, 0, 0, 0, 0, 0, 0, 0, 1, 1, 25
"/home/jklasen/A-DRZ/argus/detection/config/_base_/datasets/lvis_v1_instance.py", "Python", 0, 0, 0, 23, 0, 0, 0, 0, 0, 0, 0, 0, 0, 0, 0, 0, 0, 1, 1, 25
"/home/jklasen/A-DRZ/argus/detection/config/_base_/datasets/openimages_detection.py", "Python", 0, 0, 0, 64, 0, 0, 0, 0, 0, 0, 0, 0, 0, 0, 0, 0, 0, 1, 1, 66
"/home/jklasen/A-DRZ/argus/detection/config/_base_/datasets/voc0712.py", "Python", 0, 0, 0, 54, 0, 0, 0, 0, 0, 0, 0, 0, 0, 0, 0, 0, 0, 1, 1, 56
"/home/jklasen/A-DRZ/argus/detection/config/_base_/datasets/wider_face.py", "Python", 0, 0, 0, 62, 0, 0, 0, 0, 0, 0, 0, 0, 0, 0, 0, 0, 0, 1, 1, 64
"/home/jklasen/A-DRZ/argus/detection/config/_base_/default_runtime.py", "Python", 0, 0, 0, 15, 0, 0, 0, 0, 0, 0, 0, 0, 0, 0, 0, 0, 0, 9, 4, 28
"/home/jklasen/A-DRZ/argus/detection/config/_base_/models/cascade_mask_rcnn_r50_fpn.py", "Python", 0, 0, 0, 194, 0, 0, 0, 0, 0, 0, 0, 0, 0, 0, 0, 0, 0, 2, 1, 197
"/home/jklasen/A-DRZ/argus/detection/config/_base_/models/cascade_rcnn_r50_fpn.py", "Python", 0, 0, 0, 177, 0, 0, 0, 0, 0, 0, 0, 0, 0, 0, 0, 0, 0, 2, 1, 180
"/home/jklasen/A-DRZ/argus/detection/config/_base_/models/fast_rcnn_r50_fpn.py", "Python", 0, 0, 0, 60, 0, 0, 0, 0, 0, 0, 0, 0, 0, 0, 0, 0, 0, 2, 1, 63
"/home/jklasen/A-DRZ/argus/detection/config/_base_/models/faster_rcnn_r50_caffe_c4.py", "Python", 0, 0, 0, 115, 0, 0, 0, 0, 0, 0, 0, 0, 0, 0, 0, 0, 0, 2, 1, 118
"/home/jklasen/A-DRZ/argus/detection/config/_base_/models/faster_rcnn_r50_caffe_dc5.py", "Python", 0, 0, 0, 103, 0, 0, 0, 0, 0, 0, 0, 0, 0, 0, 0, 0, 0, 2, 1, 106
"/home/jklasen/A-DRZ/argus/detection/config/_base_/models/faster_rcnn_r50_fpn.py", "Python", 0, 0, 0, 104, 0, 0, 0, 0, 0, 0, 0, 0, 0, 0, 0, 0, 0, 4, 1, 109
"/home/jklasen/A-DRZ/argus/detection/config/_base_/models/mask_rcnn_r50_caffe_c4.py", "Python", 0, 0, 0, 123, 0, 0, 0, 0, 0, 0, 0, 0, 0, 0, 0, 0, 0, 2, 1, 126
"/home/jklasen/A-DRZ/argus/detection/config/_base_/models/mask_rcnn_r50_fpn.py", "Python", 0, 0, 0, 118, 0, 0, 0, 0, 0, 0, 0, 0, 0, 0, 0, 0, 0, 2, 1, 121
"/home/jklasen/A-DRZ/argus/detection/config/_base_/models/retinanet_r50_fpn.py", "Python", 0, 0, 0, 58, 0, 0, 0, 0, 0, 0, 0, 0, 0, 0, 0, 0, 0, 2, 1, 61
"/home/jklasen/A-DRZ/argus/detection/config/_base_/models/rpn_r50_caffe_c4.py", "Python", 0, 0, 0, 56, 0, 0, 0, 0, 0, 0, 0, 0, 0, 0, 0, 0, 0, 2, 1, 59
"/home/jklasen/A-DRZ/argus/detection/config/_base_/models/rpn_r50_fpn.py", "Python", 0, 0, 0, 56, 0, 0, 0, 0, 0, 0, 0, 0, 0, 0, 0, 0, 0, 2, 1, 59
"/home/jklasen/A-DRZ/argus/detection/config/_base_/models/ssd300.py", "Python", 0, 0, 0, 54, 0, 0, 0, 0, 0, 0, 0, 0, 0, 0, 0, 0, 0, 2, 1, 57
"/home/jklasen/A-DRZ/argus/detection/config/_base_/schedules/schedule_1x.py", "Python", 0, 0, 0, 9, 0, 0, 0, 0, 0, 0, 0, 0, 0, 0, 0, 0, 0, 2, 1, 12
"/home/jklasen/A-DRZ/argus/detection/config/_base_/schedules/schedule_20e.py", "Python", 0, 0, 0, 9, 0, 0, 0, 0, 0, 0, 0, 0, 0, 0, 0, 0, 0, 2, 1, 12
"/home/jklasen/A-DRZ/argus/detection/config/_base_/schedules/schedule_2x.py", "Python", 0, 0, 0, 9, 0, 0, 0, 0, 0, 0, 0, 0, 0, 0, 0, 0, 0, 2, 1, 12
"/home/jklasen/A-DRZ/argus/detection/config/custom/_config.py", "Python", 0, 0, 0, 53, 0, 0, 0, 0, 0, 0, 0, 0, 0, 0, 0, 0, 0, 1, 2, 56
"/home/jklasen/A-DRZ/argus/detection/config/custom/config.py", "Python", 0, 0, 0, 3, 0, 0, 0, 0, 0, 0, 0, 0, 0, 0, 0, 0, 0, 1, 1, 5
"/home/jklasen/A-DRZ/argus/detection/config/custom/mask_rcnn_r50_caffe_fpn_mstrain-poly_1x_coco.py", "Python", 0, 0, 0, 48, 0, 0, 0, 0, 0, 0, 0, 0, 0, 0, 0, 0, 0, 1, 1, 50
"/home/jklasen/A-DRZ/argus/detection/config/custom/mask_rcnn_r50_fpn_1x_coco.py", "Python", 0, 0, 0, 5, 0, 0, 0, 0, 0, 0, 0, 0, 0, 0, 0, 0, 0, 0, 1, 6
"/home/jklasen/A-DRZ/argus/detection/detection_process.py", "Python", 0, 0, 0, 64, 0, 0, 0, 0, 0, 0, 0, 0, 0, 0, 0, 0, 0, 12, 24, 100
"/home/jklasen/A-DRZ/argus/detection/detection_server.py", "Python", 0, 0, 0, 59, 0, 0, 0, 0, 0, 0, 0, 0, 0, 0, 0, 0, 0, 0, 18, 77
"/home/jklasen/A-DRZ/argus/detection/main.py", "Python", 0, 0, 0, 10, 0, 0, 0, 0, 0, 0, 0, 0, 0, 0, 0, 0, 0, 0, 5, 15
"/home/jklasen/A-DRZ/argus/detection/templates/status.html", "HTML", 0, 0, 0, 0, 0, 0, 0, 16, 0, 0, 0, 0, 0, 0, 0, 0, 0, 0, 0, 16
"/home/jklasen/A-DRZ/argus/detection/transformer_pipeline/README.md", "Markdown", 0, 0, 0, 0, 4, 0, 0, 0, 0, 0, 0, 0, 0, 0, 0, 0, 0, 0, 3, 7
"/home/jklasen/A-DRZ/argus/detection/transformer_pipeline/__init__.py", "Python", 0, 0, 0, 4, 0, 0, 0, 0, 0, 0, 0, 0, 0, 0, 0, 0, 0, 0, 1, 5
"/home/jklasen/A-DRZ/argus/detection/transformer_pipeline/inference.py", "Python", 0, 0, 0, 34, 0, 0, 0, 0, 0, 0, 0, 0, 0, 0, 0, 0, 0, 4, 13, 51
"/home/jklasen/A-DRZ/argus/detection/transformer_pipeline/inference/__init__.py", "Python", 0, 0, 0, 0, 0, 0, 0, 0, 0, 0, 0, 0, 0, 0, 0, 0, 0, 0, 1, 1
"/home/jklasen/A-DRZ/argus/detection/transformer_pipeline/inference/annotationhandler.py", "Python", 0, 0, 0, 61, 0, 0, 0, 0, 0, 0, 0, 0, 0, 0, 0, 0, 0, 4, 17, 82
"/home/jklasen/A-DRZ/argus/detection/transformer_pipeline/inference/customcoco.py", "Python", 0, 0, 0, 39, 0, 0, 0, 0, 0, 0, 0, 0, 0, 0, 0, 0, 0, 0, 12, 51
"/home/jklasen/A-DRZ/argus/detection/transformer_pipeline/inference/datahandler.py", "Python", 0, 0, 0, 226, 0, 0, 0, 0, 0, 0, 0, 0, 0, 0, 0, 0, 0, 3, 41, 270
"/home/jklasen/A-DRZ/argus/detection/transformer_pipeline/inference/inference_engine.py", "Python", 0, 0, 0, 74, 0, 0, 0, 0, 0, 0, 0, 0, 0, 0, 0, 0, 0, 1, 17, 92
"/home/jklasen/A-DRZ/argus/detection/transformer_pipeline/inference/merger.py", "Python", 0, 0, 0, 140, 0, 0, 0, 0, 0, 0, 0, 0, 0, 0, 0, 0, 0, 22, 23, 185
"/home/jklasen/A-DRZ/argus/detection/transformer_pipeline/inference/splitter.py", "Python", 0, 0, 0, 93, 0, 0, 0, 0, 0, 0, 0, 0, 0, 0, 0, 0, 0, 7, 20, 120
"/home/jklasen/A-DRZ/argus/detection/transformer_pipeline/models.json", "JSON", 0, 0, 0, 0, 0, 3, 0, 0, 0, 0, 0, 0, 0, 0, 0, 0, 0, 0, 0, 3
"/home/jklasen/A-DRZ/argus/detection/transformer_pipeline/raw_coco/README.md", "Markdown", 0, 0, 0, 0, 27, 0, 0, 0, 0, 0, 0, 0, 0, 0, 0, 0, 0, 0, 15, 42
"/home/jklasen/A-DRZ/argus/detection/transformer_pipeline/raw_coco/dataset.py", "Python", 0, 0, 0, 547, 0, 0, 0, 0, 0, 0, 0, 0, 0, 0, 0, 0, 0, 45, 83, 675
"/home/jklasen/A-DRZ/argus/detection/transformer_pipeline/raw_coco/different_formats/label_studio_json_converter.py", "Python", 0, 0, 0, 197, 0, 0, 0, 0, 0, 0, 0, 0, 0, 0, 0, 0, 0, 18, 45, 260
"/home/jklasen/A-DRZ/argus/detection/transformer_pipeline/raw_coco/main.py", "Python", 0, 0, 0, 14, 0, 0, 0, 0, 0, 0, 0, 0, 0, 0, 0, 0, 0, 1, 8, 23
"/home/jklasen/A-DRZ/argus/detection/transformer_pipeline/run_object_detection.py", "Python", 0, 0, 0, 387, 0, 0, 0, 0, 0, 0, 0, 0, 0, 0, 0, 0, 0, 66, 75, 528
"/home/jklasen/A-DRZ/argus/detection/transformer_pipeline/showdata.py", "Python", 0, 0, 0, 38, 0, 0, 0, 0, 0, 0, 0, 0, 0, 0, 0, 0, 0, 3, 9, 50
"/home/jklasen/A-DRZ/argus/detection/transformer_pipeline/train.py", "Python", 0, 0, 0, 155, 0, 0, 0, 0, 0, 0, 0, 0, 0, 0, 0, 0, 0, 38, 43, 236
"/home/jklasen/A-DRZ/argus/detection/transformer_pipeline/utils/__init__.py", "Python", 0, 0, 0, 3, 0, 0, 0, 0, 0, 0, 0, 0, 0, 0, 0, 0, 0, 0, 1, 4
"/home/jklasen/A-DRZ/argus/detection/transformer_pipeline/utils/utils.py", "Python", 0, 0, 0, 178, 0, 0, 0, 0, 0, 0, 0, 0, 0, 0, 0, 0, 0, 4, 34, 216
"/home/jklasen/A-DRZ/argus/docker-compose.gpu.intel.yml", "YAML", 0, 7, 0, 0, 0, 0, 0, 0, 0, 0, 0, 0, 0, 0, 0, 0, 0, 0, 1, 8
"/home/jklasen/A-DRZ/argus/docker-compose.gpu.nvidia.yml", "YAML", 0, 18, 0, 0, 0, 0, 0, 0, 0, 0, 0, 0, 0, 0, 0, 0, 0, 0, 1, 19
"/home/jklasen/A-DRZ/argus/docker-compose.nodeodm.yml", "YAML", 0, 8, 0, 0, 0, 0, 0, 0, 0, 0, 0, 0, 0, 0, 0, 0, 0, 0, 1, 9
"/home/jklasen/A-DRZ/argus/docker-compose.webodm.yml", "YAML", 0, 58, 0, 0, 0, 0, 0, 0, 0, 0, 0, 0, 0, 0, 0, 0, 0, 0, 2, 60
"/home/jklasen/A-DRZ/argus/docker-compose.yml", "YAML", 0, 46, 0, 0, 0, 0, 0, 0, 0, 0, 0, 0, 0, 0, 0, 0, 0, 0, 1, 47
"/home/jklasen/A-DRZ/argus/install.sh", "Shell Script", 13, 0, 0, 0, 0, 0, 0, 0, 0, 0, 0, 0, 0, 0, 0, 0, 0, 7, 7, 27
"/home/jklasen/A-DRZ/argus/project.json", "JSON", 0, 0, 0, 0, 0, 1, 0, 0, 0, 0, 0, 0, 0, 0, 0, 0, 0, 0, 0, 1
"/home/jklasen/A-DRZ/argus/stella_vslam_dense_argus/.VSCodeCounter/2024-09-12_15-25-53/details.md", "Markdown", 0, 0, 0, 0, 380, 0, 0, 0, 0, 0, 0, 0, 0, 0, 0, 0, 0, 0, 6, 386
"/home/jklasen/A-DRZ/argus/stella_vslam_dense_argus/.VSCodeCounter/2024-09-12_15-25-53/diff-details.md", "Markdown", 0, 0, 0, 0, 9, 0, 0, 0, 0, 0, 0, 0, 0, 0, 0, 0, 0, 0, 6, 15
"/home/jklasen/A-DRZ/argus/stella_vslam_dense_argus/.VSCodeCounter/2024-09-12_15-25-53/diff.md", "Markdown", 0, 0, 0, 0, 12, 0, 0, 0, 0, 0, 0, 0, 0, 0, 0, 0, 0, 0, 7, 19
"/home/jklasen/A-DRZ/argus/stella_vslam_dense_argus/.VSCodeCounter/2024-09-12_15-25-53/results.json", "JSON", 0, 0, 0, 0, 0, 1, 0, 0, 0, 0, 0, 0, 0, 0, 0, 0, 0, 0, 0, 1
"/home/jklasen/A-DRZ/argus/stella_vslam_dense_argus/.VSCodeCounter/2024-09-12_15-25-53/results.md", "Markdown", 0, 0, 0, 0, 122, 0, 0, 0, 0, 0, 0, 0, 0, 0, 0, 0, 0, 0, 7, 129
"/home/jklasen/A-DRZ/argus/stella_vslam_dense_argus/.github/ISSUE_TEMPLATE/bug_report.md", "Markdown", 0, 0, 0, 0, 52, 0, 0, 0, 0, 0, 0, 0, 0, 0, 0, 0, 0, 4, 18, 74
"/home/jklasen/A-DRZ/argus/stella_vslam_dense_argus/.github/ISSUE_TEMPLATE/config.yml", "YAML", 0, 5, 0, 0, 0, 0, 0, 0, 0, 0, 0, 0, 0, 0, 0, 0, 0, 0, 1, 6
"/home/jklasen/A-DRZ/argus/stella_vslam_dense_argus/.github/ISSUE_TEMPLATE/feature_request.md", "Markdown", 0, 0, 0, 0, 20, 0, 0, 0, 0, 0, 0, 0, 0, 0, 0, 0, 0, 3, 9, 32
"/home/jklasen/A-DRZ/argus/stella_vslam_dense_argus/.github/workflows/main.yml", "YAML", 0, 331, 0, 0, 0, 0, 0, 0, 0, 0, 0, 0, 0, 0, 0, 0, 0, 9, 9, 349
"/home/jklasen/A-DRZ/argus/stella_vslam_dense_argus/3rd/FBoW/README.md", "Markdown", 0, 0, 0, 0, 16, 0, 0, 0, 0, 0, 0, 0, 0, 0, 0, 0, 0, 0, 7, 23
"/home/jklasen/A-DRZ/argus/stella_vslam_dense_argus/3rd/FBoW/include/fbow/bow_feat_vector.h", "C++", 0, 0, 0, 0, 0, 0, 0, 0, 0, 0, 0, 15, 0, 0, 0, 0, 0, 28, 8, 51
"/home/jklasen/A-DRZ/argus/stella_vslam_dense_argus/3rd/FBoW/include/fbow/bow_vector.h", "C++", 0, 0, 0, 0, 0, 0, 0, 0, 0, 0, 0, 16, 0, 0, 0, 0, 0, 29, 7, 52
"/home/jklasen/A-DRZ/argus/stella_vslam_dense_argus/3rd/FBoW/include/fbow/cpu.h", "C++", 0, 0, 0, 0, 0, 0, 0, 0, 0, 0, 0, 120, 0, 0, 0, 0, 0, 37, 15, 172
"/home/jklasen/A-DRZ/argus/stella_vslam_dense_argus/3rd/FBoW/include/fbow/fbow.h", "C++", 0, 0, 0, 0, 0, 0, 0, 0, 0, 0, 0, 8, 0, 0, 0, 0, 0, 25, 4, 37
"/home/jklasen/A-DRZ/argus/stella_vslam_dense_argus/3rd/FBoW/include/fbow/fbow_exports.h", "C++", 0, 0, 0, 0, 0, 0, 0, 0, 0, 0, 0, 16, 0, 0, 0, 0, 0, 54, 7, 77
"/home/jklasen/A-DRZ/argus/stella_vslam_dense_argus/3rd/FBoW/include/fbow/type.h", "C++", 0, 0, 0, 0, 0, 0, 0, 0, 0, 0, 0, 15, 0, 0, 0, 0, 0, 26, 6, 47
"/home/jklasen/A-DRZ/argus/stella_vslam_dense_argus/3rd/FBoW/include/fbow/vocabulary.h", "C++", 0, 0, 0, 0, 0, 0, 0, 0, 0, 0, 0, 168, 0, 0, 0, 0, 0, 66, 24, 258
"/home/jklasen/A-DRZ/argus/stella_vslam_dense_argus/3rd/FBoW/include/fbow/vocabulary_creator.h", "C++", 0, 0, 0, 0, 0, 0, 0, 0, 0, 0, 0, 200, 0, 0, 0, 0, 0, 52, 44, 296
"/home/jklasen/A-DRZ/argus/stella_vslam_dense_argus/3rd/FBoW/src/fbow.cpp", "C++", 0, 0, 0, 0, 0, 0, 0, 0, 0, 0, 0, 409, 0, 0, 0, 0, 0, 71, 76, 556
"/home/jklasen/A-DRZ/argus/stella_vslam_dense_argus/3rd/FBoW/src/vocabulary_creator.cpp", "C++", 0, 0, 0, 0, 0, 0, 0, 0, 0, 0, 0, 311, 0, 0, 0, 0, 0, 80, 52, 443
"/home/jklasen/A-DRZ/argus/stella_vslam_dense_argus/3rd/FBoW/tests/fbow_test_cpu.cpp", "C++", 0, 0, 0, 0, 0, 0, 0, 0, 0, 0, 0, 74, 0, 0, 0, 0, 0, 25, 14, 113
"/home/jklasen/A-DRZ/argus/stella_vslam_dense_argus/3rd/FBoW/utils/cmd_line_parser.h", "C++", 0, 0, 0, 0, 0, 0, 0, 0, 0, 0, 0, 33, 0, 0, 0, 0, 0, 25, 5, 63
"/home/jklasen/A-DRZ/argus/stella_vslam_dense_argus/3rd/FBoW/utils/dir_reader.h", "C++", 0, 0, 0, 0, 0, 0, 0, 0, 0, 0, 0, 691, 0, 0, 0, 0, 0, 301, 223, 1215
"/home/jklasen/A-DRZ/argus/stella_vslam_dense_argus/3rd/FBoW/utils/fbow_create_vocabulary.cpp", "C++", 0, 0, 0, 0, 0, 0, 0, 0, 0, 0, 0, 66, 0, 0, 0, 0, 0, 25, 17, 108
"/home/jklasen/A-DRZ/argus/stella_vslam_dense_argus/3rd/FBoW/utils/fbow_dump_features.cpp", "C++", 0, 0, 0, 0, 0, 0, 0, 0, 0, 0, 0, 94, 0, 0, 0, 0, 0, 25, 16, 135
"/home/jklasen/A-DRZ/argus/stella_vslam_dense_argus/3rd/FBoW/utils/fbow_transform.cpp", "C++", 0, 0, 0, 0, 0, 0, 0, 0, 0, 0, 0, 68, 0, 0, 0, 0, 0, 25, 14, 107
"/home/jklasen/A-DRZ/argus/stella_vslam_dense_argus/3rd/json/include/nlohmann/json.hpp", "C++", 0, 0, 0, 0, 0, 0, 0, 0, 0, 0, 0, 10955, 0, 0, 0, 0, 0, 7819, 2069, 20843
"/home/jklasen/A-DRZ/argus/stella_vslam_dense_argus/3rd/json/include/nlohmann/json_fwd.hpp", "C++", 0, 0, 0, 0, 0, 0, 0, 0, 0, 0, 0, 27, 0, 0, 0, 0, 0, 25, 6, 58
"/home/jklasen/A-DRZ/argus/stella_vslam_dense_argus/3rd/spdlog/include/spdlog/async.h", "C++", 0, 0, 0, 0, 0, 0, 0, 0, 0, 0, 0, 52, 0, 0, 0, 0, 0, 20, 16, 88
"/home/jklasen/A-DRZ/argus/stella_vslam_dense_argus/3rd/spdlog/include/spdlog/async_logger.h", "C++", 0, 0, 0, 0, 0, 0, 0, 0, 0, 0, 0, 38, 0, 0, 0, 0, 0, 19, 17, 74
"/home/jklasen/A-DRZ/argus/stella_vslam_dense_argus/3rd/spdlog/include/spdlog/common.h", "C++", 0, 0, 0, 0, 0, 0, 0, 0, 0, 0, 0, 186, 0, 0, 0, 0, 0, 20, 38, 244
"/home/jklasen/A-DRZ/argus/stella_vslam_dense_argus/3rd/spdlog/include/spdlog/details/async_logger_impl.h", "C++", 0, 0, 0, 0, 0, 0, 0, 0, 0, 0, 0, 85, 0, 0, 0, 0, 0, 11, 15, 111
"/home/jklasen/A-DRZ/argus/stella_vslam_dense_argus/3rd/spdlog/include/spdlog/details/circular_q.h", "C++", 0, 0, 0, 0, 0, 0, 0, 0, 0, 0, 0, 50, 0, 0, 0, 0, 0, 9, 14, 73
"/home/jklasen/A-DRZ/argus/stella_vslam_dense_argus/3rd/spdlog/include/spdlog/details/console_globals.h", "C++", 0, 0, 0, 0, 0, 0, 0, 0, 0, 0, 0, 61, 0, 0, 0, 0, 0, 4, 10, 75
"/home/jklasen/A-DRZ/argus/stella_vslam_dense_argus/3rd/spdlog/include/spdlog/details/file_helper.h", "C++", 0, 0, 0, 0, 0, 0, 0, 0, 0, 0, 0, 103, 0, 0, 0, 0, 0, 24, 26, 153
"/home/jklasen/A-DRZ/argus/stella_vslam_dense_argus/3rd/spdlog/include/spdlog/details/fmt_helper.h", "C++", 0, 0, 0, 0, 0, 0, 0, 0, 0, 0, 0, 100, 0, 0, 0, 0, 0, 7, 16, 123
"/home/jklasen/A-DRZ/argus/stella_vslam_dense_argus/3rd/spdlog/include/spdlog/details/log_msg.h", "C++", 0, 0, 0, 0, 0, 0, 0, 0, 0, 0, 0, 39, 0, 0, 0, 0, 0, 5, 12, 56
"/home/jklasen/A-DRZ/argus/stella_vslam_dense_argus/3rd/spdlog/include/spdlog/details/logger_impl.h", "C++", 0, 0, 0, 0, 0, 0, 0, 0, 0, 0, 0, 360, 0, 0, 0, 0, 0, 16, 66, 442
"/home/jklasen/A-DRZ/argus/stella_vslam_dense_argus/3rd/spdlog/include/spdlog/details/mpmc_blocking_q.h", "C++", 0, 0, 0, 0, 0, 0, 0, 0, 0, 0, 0, 85, 0, 0, 0, 0, 0, 20, 17, 122
"/home/jklasen/A-DRZ/argus/stella_vslam_dense_argus/3rd/spdlog/include/spdlog/details/null_mutex.h", "C++", 0, 0, 0, 0, 0, 0, 0, 0, 0, 0, 0, 32, 0, 0, 0, 0, 0, 5, 9, 46
"/home/jklasen/A-DRZ/argus/stella_vslam_dense_argus/3rd/spdlog/include/spdlog/details/os.h", "C++", 0, 0, 0, 0, 0, 0, 0, 0, 0, 0, 0, 338, 0, 0, 0, 0, 0, 26, 58, 422
"/home/jklasen/A-DRZ/argus/stella_vslam_dense_argus/3rd/spdlog/include/spdlog/details/pattern_formatter.h", "C++", 0, 0, 0, 0, 0, 0, 0, 0, 0, 0, 0, 1097, 0, 0, 0, 0, 0, 61, 179, 1337
"/home/jklasen/A-DRZ/argus/stella_vslam_dense_argus/3rd/spdlog/include/spdlog/details/periodic_worker.h", "C++", 0, 0, 0, 0, 0, 0, 0, 0, 0, 0, 0, 52, 0, 0, 0, 0, 0, 10, 10, 72
"/home/jklasen/A-DRZ/argus/stella_vslam_dense_argus/3rd/spdlog/include/spdlog/details/registry.h", "C++", 0, 0, 0, 0, 0, 0, 0, 0, 0, 0, 0, 224, 0, 0, 0, 0, 0, 19, 43, 286
"/home/jklasen/A-DRZ/argus/stella_vslam_dense_argus/3rd/spdlog/include/spdlog/details/thread_pool.h", "C++", 0, 0, 0, 0, 0, 0, 0, 0, 0, 0, 0, 195, 0, 0, 0, 0, 0, 12, 32, 239
"/home/jklasen/A-DRZ/argus/stella_vslam_dense_argus/3rd/spdlog/include/spdlog/fmt/bin_to_hex.h", "C++", 0, 0, 0, 0, 0, 0, 0, 0, 0, 0, 0, 123, 0, 0, 0, 0, 0, 25, 25, 173
"/home/jklasen/A-DRZ/argus/stella_vslam_dense_argus/3rd/spdlog/include/spdlog/fmt/bundled/LICENSE.rst", "reStructuredText", 0, 0, 0, 0, 0, 0, 0, 0, 0, 0, 0, 0, 0, 0, 19, 0, 0, 0, 5, 24
"/home/jklasen/A-DRZ/argus/stella_vslam_dense_argus/3rd/spdlog/include/spdlog/fmt/bundled/chrono.h", "C++", 0, 0, 0, 0, 0, 0, 0, 0, 0, 0, 0, 396, 0, 0, 0, 0, 0, 14, 43, 453
"/home/jklasen/A-DRZ/argus/stella_vslam_dense_argus/3rd/spdlog/include/spdlog/fmt/bundled/color.h", "C++", 0, 0, 0, 0, 0, 0, 0, 0, 0, 0, 0, 490, 0, 0, 0, 0, 0, 34, 54, 578
"/home/jklasen/A-DRZ/argus/stella_vslam_dense_argus/3rd/spdlog/include/spdlog/fmt/bundled/core.h", "C++", 0, 0, 0, 0, 0, 0, 0, 0, 0, 0, 0, 1048, 0, 0, 0, 0, 0, 215, 240, 1503
"/home/jklasen/A-DRZ/argus/stella_vslam_dense_argus/3rd/spdlog/include/spdlog/fmt/bundled/format-inl.h", "C++", 0, 0, 0, 0, 0, 0, 0, 0, 0, 0, 0, 785, 0, 0, 0, 0, 0, 90, 98, 973
"/home/jklasen/A-DRZ/argus/stella_vslam_dense_argus/3rd/spdlog/include/spdlog/fmt/bundled/format.h", "C++", 0, 0, 0, 0, 0, 0, 0, 0, 0, 0, 0, 2623, 0, 0, 0, 0, 0, 473, 460, 3556
"/home/jklasen/A-DRZ/argus/stella_vslam_dense_argus/3rd/spdlog/include/spdlog/fmt/bundled/locale.h", "C++", 0, 0, 0, 0, 0, 0, 0, 0, 0, 0, 0, 60, 0, 0, 0, 0, 0, 6, 12, 78
"/home/jklasen/A-DRZ/argus/stella_vslam_dense_argus/3rd/spdlog/include/spdlog/fmt/bundled/ostream.h", "C++", 0, 0, 0, 0, 0, 0, 0, 0, 0, 0, 0, 105, 0, 0, 0, 0, 0, 27, 22, 154
"/home/jklasen/A-DRZ/argus/stella_vslam_dense_argus/3rd/spdlog/include/spdlog/fmt/bundled/posix.h", "C++", 0, 0, 0, 0, 0, 0, 0, 0, 0, 0, 0, 173, 0, 0, 0, 0, 0, 84, 68, 325
"/home/jklasen/A-DRZ/argus/stella_vslam_dense_argus/3rd/spdlog/include/spdlog/fmt/bundled/printf.h", "C++", 0, 0, 0, 0, 0, 0, 0, 0, 0, 0, 0, 623, 0, 0, 0, 0, 0, 129, 104, 856
"/home/jklasen/A-DRZ/argus/stella_vslam_dense_argus/3rd/spdlog/include/spdlog/fmt/bundled/ranges.h", "C++", 0, 0, 0, 0, 0, 0, 0, 0, 0, 0, 0, 244, 0, 0, 0, 0, 0, 16, 49, 309
"/home/jklasen/A-DRZ/argus/stella_vslam_dense_argus/3rd/spdlog/include/spdlog/fmt/bundled/time.h", "C++", 0, 0, 0, 0, 0, 0, 0, 0, 0, 0, 0, 119, 0, 0, 0, 0, 0, 16, 26, 161
"/home/jklasen/A-DRZ/argus/stella_vslam_dense_argus/3rd/spdlog/include/spdlog/fmt/fmt.h", "C++", 0, 0, 0, 0, 0, 0, 0, 0, 0, 0, 0, 14, 0, 0, 0, 0, 0, 8, 4, 26
"/home/jklasen/A-DRZ/argus/stella_vslam_dense_argus/3rd/spdlog/include/spdlog/fmt/ostr.h", "C++", 0, 0, 0, 0, 0, 0, 0, 0, 0, 0, 0, 10, 0, 0, 0, 0, 0, 7, 2, 19
"/home/jklasen/A-DRZ/argus/stella_vslam_dense_argus/3rd/spdlog/include/spdlog/formatter.h", "C++", 0, 0, 0, 0, 0, 0, 0, 0, 0, 0, 0, 12, 0, 0, 0, 0, 0, 4, 5, 21
"/home/jklasen/A-DRZ/argus/stella_vslam_dense_argus/3rd/spdlog/include/spdlog/logger.h", "C++", 0, 0, 0, 0, 0, 0, 0, 0, 0, 0, 0, 109, 0, 0, 0, 0, 0, 29, 51, 189
"/home/jklasen/A-DRZ/argus/stella_vslam_dense_argus/3rd/spdlog/include/spdlog/sinks/android_sink.h", "C++", 0, 0, 0, 0, 0, 0, 0, 0, 0, 0, 0, 94, 0, 0, 0, 0, 0, 9, 19, 122
"/home/jklasen/A-DRZ/argus/stella_vslam_dense_argus/3rd/spdlog/include/spdlog/sinks/ansicolor_sink.h", "C++", 0, 0, 0, 0, 0, 0, 0, 0, 0, 0, 0, 118, 0, 0, 0, 0, 0, 18, 26, 162
"/home/jklasen/A-DRZ/argus/stella_vslam_dense_argus/3rd/spdlog/include/spdlog/sinks/base_sink.h", "C++", 0, 0, 0, 0, 0, 0, 0, 0, 0, 0, 0, 49, 0, 0, 0, 0, 0, 10, 11, 70
"/home/jklasen/A-DRZ/argus/stella_vslam_dense_argus/3rd/spdlog/include/spdlog/sinks/basic_file_sink.h", "C++", 0, 0, 0, 0, 0, 0, 0, 0, 0, 0, 0, 47, 0, 0, 0, 0, 0, 10, 14, 71
"/home/jklasen/A-DRZ/argus/stella_vslam_dense_argus/3rd/spdlog/include/spdlog/sinks/daily_file_sink.h", "C++", 0, 0, 0, 0, 0, 0, 0, 0, 0, 0, 0, 104, 0, 0, 0, 0, 0, 15, 18, 137
"/home/jklasen/A-DRZ/argus/stella_vslam_dense_argus/3rd/spdlog/include/spdlog/sinks/dist_sink.h", "C++", 0, 0, 0, 0, 0, 0, 0, 0, 0, 0, 0, 71, 0, 0, 0, 0, 0, 6, 18, 95
"/home/jklasen/A-DRZ/argus/stella_vslam_dense_argus/3rd/spdlog/include/spdlog/sinks/msvc_sink.h", "C++", 0, 0, 0, 0, 0, 0, 0, 0, 0, 0, 0, 33, 0, 0, 0, 0, 0, 7, 15, 55
"/home/jklasen/A-DRZ/argus/stella_vslam_dense_argus/3rd/spdlog/include/spdlog/sinks/null_sink.h", "C++", 0, 0, 0, 0, 0, 0, 0, 0, 0, 0, 0, 34, 0, 0, 0, 0, 0, 4, 12, 50
"/home/jklasen/A-DRZ/argus/stella_vslam_dense_argus/3rd/spdlog/include/spdlog/sinks/ostream_sink.h", "C++", 0, 0, 0, 0, 0, 0, 0, 0, 0, 0, 0, 43, 0, 0, 0, 0, 0, 4, 11, 58
"/home/jklasen/A-DRZ/argus/stella_vslam_dense_argus/3rd/spdlog/include/spdlog/sinks/rotating_file_sink.h", "C++", 0, 0, 0, 0, 0, 0, 0, 0, 0, 0, 0, 114, 0, 0, 0, 0, 0, 23, 19, 156
"/home/jklasen/A-DRZ/argus/stella_vslam_dense_argus/3rd/spdlog/include/spdlog/sinks/sink.h", "C++", 0, 0, 0, 0, 0, 0, 0, 0, 0, 0, 0, 42, 0, 0, 0, 0, 0, 6, 12, 60
"/home/jklasen/A-DRZ/argus/stella_vslam_dense_argus/3rd/spdlog/include/spdlog/sinks/stdout_color_sinks.h", "C++", 0, 0, 0, 0, 0, 0, 0, 0, 0, 0, 0, 44, 0, 0, 0, 0, 0, 4, 9, 57
"/home/jklasen/A-DRZ/argus/stella_vslam_dense_argus/3rd/spdlog/include/spdlog/sinks/stdout_sinks.h", "C++", 0, 0, 0, 0, 0, 0, 0, 0, 0, 0, 0, 77, 0, 0, 0, 0, 0, 5, 21, 103
"/home/jklasen/A-DRZ/argus/stella_vslam_dense_argus/3rd/spdlog/include/spdlog/sinks/syslog_sink.h", "C++", 0, 0, 0, 0, 0, 0, 0, 0, 0, 0, 0, 62, 0, 0, 0, 0, 0, 17, 16, 95
"/home/jklasen/A-DRZ/argus/stella_vslam_dense_argus/3rd/spdlog/include/spdlog/sinks/wincolor_sink.h", "C++", 0, 0, 0, 0, 0, 0, 0, 0, 0, 0, 0, 106, 0, 0, 0, 0, 0, 17, 21, 144
"/home/jklasen/A-DRZ/argus/stella_vslam_dense_argus/3rd/spdlog/include/spdlog/spdlog.h", "C++", 0, 0, 0, 0, 0, 0, 0, 0, 0, 0, 0, 252, 0, 0, 0, 0, 0, 57, 58, 367
"/home/jklasen/A-DRZ/argus/stella_vslam_dense_argus/3rd/spdlog/include/spdlog/tweakme.h", "C++", 0, 0, 0, 0, 0, 0, 0, 0, 0, 0, 0, 1, 0, 0, 0, 0, 0, 125, 19, 145
"/home/jklasen/A-DRZ/argus/stella_vslam_dense_argus/3rd/spdlog/include/spdlog/version.h", "C++", 0, 0, 0, 0, 0, 0, 0, 0, 0, 0, 0, 5, 0, 0, 0, 0, 0, 4, 4, 13
"/home/jklasen/A-DRZ/argus/stella_vslam_dense_argus/3rd/tinycolormap/.github/workflows/macos.yml", "YAML", 0, 13, 0, 0, 0, 0, 0, 0, 0, 0, 0, 0, 0, 0, 0, 0, 0, 0, 5, 18
"/home/jklasen/A-DRZ/argus/stella_vslam_dense_argus/3rd/tinycolormap/.github/workflows/ubuntu.yml", "YAML", 0, 16, 0, 0, 0, 0, 0, 0, 0, 0, 0, 0, 0, 0, 0, 0, 0, 0, 6, 22
"/home/jklasen/A-DRZ/argus/stella_vslam_dense_argus/3rd/tinycolormap/README.md", "Markdown", 0, 0, 0, 0, 153, 0, 0, 0, 0, 0, 0, 0, 0, 0, 0, 0, 0, 0, 63, 216
"/home/jklasen/A-DRZ/argus/stella_vslam_dense_argus/3rd/tinycolormap/include/tinycolormap.hpp", "C++", 0, 0, 0, 0, 0, 0, 0, 0, 0, 0, 0, 2608, 0, 0, 0, 0, 0, 61, 64, 2733
"/home/jklasen/A-DRZ/argus/stella_vslam_dense_argus/3rd/tinycolormap/tools/png-exporter/main.cpp", "C++", 0, 0, 0, 0, 0, 0, 0, 0, 0, 0, 0, 54, 0, 0, 0, 0, 0, 0, 13, 67
"/home/jklasen/A-DRZ/argus/stella_vslam_dense_argus/3rd/tinycolormap/tools/png-exporter/stb_image_write.h", "C++", 0, 0, 0, 0, 0, 0, 0, 0, 0, 0, 0, 1198, 0, 0, 0, 0, 0, 305, 164, 1667
"/home/jklasen/A-DRZ/argus/stella_vslam_dense_argus/CMakePresets.json", "JSON", 0, 0, 0, 0, 0, 68, 0, 0, 0, 0, 0, 0, 0, 0, 0, 0, 0, 0, 1, 69
"/home/jklasen/A-DRZ/argus/stella_vslam_dense_argus/Dockerfile", "Docker", 0, 0, 0, 0, 0, 0, 277, 0, 0, 0, 0, 0, 0, 0, 0, 0, 0, 11, 21, 309
"/home/jklasen/A-DRZ/argus/stella_vslam_dense_argus/README.md", "Markdown", 0, 0, 0, 0, 198, 0, 0, 0, 0, 0, 0, 0, 0, 0, 0, 0, 0, 0, 73, 271
"/home/jklasen/A-DRZ/argus/stella_vslam_dense_argus/TiR360_Viewer_CPU/.devcontainer/Dockerfile", "Docker", 0, 0, 0, 0, 0, 0, 39, 0, 0, 0, 0, 0, 0, 0, 0, 0, 0, 4, 5, 48
"/home/jklasen/A-DRZ/argus/stella_vslam_dense_argus/TiR360_Viewer_CPU/.devcontainer/devcontainer.json", "JSON with Comments", 0, 0, 0, 0, 0, 0, 0, 0, 0, 0, 0, 0, 0, 0, 0, 14, 0, 2, 1, 17
"/home/jklasen/A-DRZ/argus/stella_vslam_dense_argus/TiR360_Viewer_CPU/.github/dependabot.yml", "YAML", 0, 6, 0, 0, 0, 0, 0, 0, 0, 0, 0, 0, 0, 0, 0, 0, 0, 5, 2, 13
"/home/jklasen/A-DRZ/argus/stella_vslam_dense_argus/TiR360_Viewer_CPU/Firmware_Pi/TiR360_firmware_Pi.py", "Python", 0, 0, 0, 88, 0, 0, 0, 0, 0, 0, 0, 0, 0, 0, 0, 0, 0, 2, 20, 110
"/home/jklasen/A-DRZ/argus/stella_vslam_dense_argus/TiR360_Viewer_CPU/Start_viewer/TiR360_viewer.py", "Python", 0, 0, 0, 131, 0, 0, 0, 0, 0, 0, 0, 0, 0, 0, 0, 0, 0, 28, 52, 211
"/home/jklasen/A-DRZ/argus/stella_vslam_dense_argus/TiR360_Viewer_CPU/Start_viewer/main.py", "Python", 0, 0, 0, 10, 0, 0, 0, 0, 0, 0, 0, 0, 0, 0, 0, 0, 0, 0, 3, 13
"/home/jklasen/A-DRZ/argus/stella_vslam_dense_argus/TiR360_Viewer_CPU/Start_viewer/video_stitcher.py", "Python", 0, 0, 0, 47, 0, 0, 0, 0, 0, 0, 0, 0, 0, 0, 0, 0, 0, 6, 10, 63
"/home/jklasen/A-DRZ/argus/stella_vslam_dense_argus/TiR360_Viewer_CPU/config/calibration.json", "JSON", 0, 0, 0, 0, 0, 106, 0, 0, 0, 0, 0, 0, 0, 0, 0, 0, 0, 0, 0, 106
"/home/jklasen/A-DRZ/argus/stella_vslam_dense_argus/TiR360_Viewer_CPU/include/camera_models/camera_model.hpp", "C++", 0, 0, 0, 0, 0, 0, 0, 0, 0, 0, 0, 39, 0, 0, 0, 0, 0, 6, 13, 58
"/home/jklasen/A-DRZ/argus/stella_vslam_dense_argus/TiR360_Viewer_CPU/include/camera_models/double_sphere.hpp", "C++", 0, 0, 0, 0, 0, 0, 0, 0, 0, 0, 0, 10, 0, 0, 0, 0, 0, 1, 5, 16
"/home/jklasen/A-DRZ/argus/stella_vslam_dense_argus/TiR360_Viewer_CPU/include/camera_models/extended_unified.hpp", "C++", 0, 0, 0, 0, 0, 0, 0, 0, 0, 0, 0, 10, 0, 0, 0, 0, 0, 1, 5, 16
"/home/jklasen/A-DRZ/argus/stella_vslam_dense_argus/TiR360_Viewer_CPU/include/utils/geometry.hpp", "C++", 0, 0, 0, 0, 0, 0, 0, 0, 0, 0, 0, 12, 0, 0, 0, 0, 0, 12, 6, 30
"/home/jklasen/A-DRZ/argus/stella_vslam_dense_argus/TiR360_Viewer_CPU/install.sh", "Shell Script", 6, 0, 0, 0, 0, 0, 0, 0, 0, 0, 0, 0, 0, 0, 0, 0, 0, 5, 3, 14
"/home/jklasen/A-DRZ/argus/stella_vslam_dense_argus/TiR360_Viewer_CPU/src/camera_models/camera_model.cpp", "C++", 0, 0, 0, 0, 0, 0, 0, 0, 0, 0, 0, 257, 0, 0, 0, 0, 0, 2, 34, 293
"/home/jklasen/A-DRZ/argus/stella_vslam_dense_argus/TiR360_Viewer_CPU/src/camera_models/double_sphere.cpp", "C++", 0, 0, 0, 0, 0, 0, 0, 0, 0, 0, 0, 47, 0, 0, 0, 0, 0, 2, 22, 71
"/home/jklasen/A-DRZ/argus/stella_vslam_dense_argus/TiR360_Viewer_CPU/src/camera_models/extended_unified.cpp", "C++", 0, 0, 0, 0, 0, 0, 0, 0, 0, 0, 0, 37, 0, 0, 0, 0, 0, 2, 18, 57
"/home/jklasen/A-DRZ/argus/stella_vslam_dense_argus/TiR360_Viewer_CPU/src/insta360_stitcher.cpp", "C++", 0, 0, 0, 0, 0, 0, 0, 0, 0, 0, 0, 140, 0, 0, 0, 0, 0, 0, 25, 165
"/home/jklasen/A-DRZ/argus/stella_vslam_dense_argus/TiR360_Viewer_CPU/src/utils/geometry.cpp", "C++", 0, 0, 0, 0, 0, 0, 0, 0, 0, 0, 0, 57, 0, 0, 0, 0, 0, 3, 11, 71
"/home/jklasen/A-DRZ/argus/stella_vslam_dense_argus/TiR360_Viewer_CPU/venv/bin/Activate.ps1", "PowerShell", 0, 0, 108, 0, 0, 0, 0, 0, 0, 0, 0, 0, 0, 0, 0, 0, 0, 106, 34, 248
"/home/jklasen/A-DRZ/argus/stella_vslam_dense_argus/TiR360_Viewer_CPU/venv/bin/activate.csh", "Shell Script", 12, 0, 0, 0, 0, 0, 0, 0, 0, 0, 0, 0, 0, 0, 0, 0, 0, 5, 10, 27
"/home/jklasen/A-DRZ/argus/stella_vslam_dense_argus/TiR360_Viewer_CPU/venv/bin/activate.fish", "Shell Script", 42, 0, 0, 0, 0, 0, 0, 0, 0, 0, 0, 0, 0, 0, 0, 0, 0, 14, 14, 70
"/home/jklasen/A-DRZ/argus/stella_vslam_dense_argus/TiR360_Viewer_CPU/venv/pyvenv.cfg", "Properties", 0, 0, 0, 0, 0, 0, 0, 0, 0, 0, 0, 0, 0, 0, 0, 0, 3, 0, 1, 4
"/home/jklasen/A-DRZ/argus/stella_vslam_dense_argus/VSlamProcess.py", "Python", 0, 0, 0, 99, 0, 0, 0, 0, 0, 0, 0, 0, 0, 0, 0, 0, 0, 13, 10, 122
"/home/jklasen/A-DRZ/argus/stella_vslam_dense_argus/docker/gtsam/pangolin/Dockerfile", "Docker", 0, 0, 0, 0, 0, 0, 251, 0, 0, 0, 0, 0, 0, 0, 0, 0, 0, 8, 15, 274
"/home/jklasen/A-DRZ/argus/stella_vslam_dense_argus/docker/gtsam/socket/Dockerfile", "Docker", 0, 0, 0, 0, 0, 0, 249, 0, 0, 0, 0, 0, 0, 0, 0, 0, 0, 9, 15, 273
"/home/jklasen/A-DRZ/argus/stella_vslam_dense_argus/entrypoint.socket.bash", "Shell Script", 4, 0, 0, 0, 0, 0, 0, 0, 0, 0, 0, 0, 0, 0, 0, 0, 0, 1, 3, 8
"/home/jklasen/A-DRZ/argus/stella_vslam_dense_argus/example/aist/equirectangular.yaml", "YAML", 0, 36, 0, 0, 0, 0, 0, 0, 0, 0, 0, 0, 0, 0, 0, 0, 0, 1, 10, 47
"/home/jklasen/A-DRZ/argus/stella_vslam_dense_argus/example/aist/fisheye.yaml", "YAML", 0, 33, 0, 0, 0, 0, 0, 0, 0, 0, 0, 0, 0, 0, 0, 0, 0, 1, 11, 45
"/home/jklasen/A-DRZ/argus/stella_vslam_dense_argus/example/dense/dense.yaml", "YAML", 0, 45, 0, 0, 0, 0, 0, 0, 0, 0, 0, 0, 0, 0, 0, 0, 0, 21, 16, 82
"/home/jklasen/A-DRZ/argus/stella_vslam_dense_argus/example/dense/dense_hd.yaml", "YAML", 0, 45, 0, 0, 0, 0, 0, 0, 0, 0, 0, 0, 0, 0, 0, 0, 0, 21, 16, 82
"/home/jklasen/A-DRZ/argus/stella_vslam_dense_argus/example/euroc/EuRoC_mono.yaml", "YAML", 0, 55, 0, 0, 0, 0, 0, 0, 0, 0, 0, 0, 0, 0, 0, 0, 0, 1, 15, 71
"/home/jklasen/A-DRZ/argus/stella_vslam_dense_argus/example/euroc/EuRoC_stereo.yaml", "YAML", 0, 86, 0, 0, 0, 0, 0, 0, 0, 0, 0, 0, 0, 0, 0, 0, 0, 9, 21, 116
"/home/jklasen/A-DRZ/argus/stella_vslam_dense_argus/example/kitti/KITTI_mono_00-02.yaml", "YAML", 0, 41, 0, 0, 0, 0, 0, 0, 0, 0, 0, 0, 0, 0, 0, 0, 0, 16, 15, 72
"/home/jklasen/A-DRZ/argus/stella_vslam_dense_argus/example/kitti/KITTI_mono_03.yaml", "YAML", 0, 41, 0, 0, 0, 0, 0, 0, 0, 0, 0, 0, 0, 0, 0, 0, 0, 16, 15, 72
"/home/jklasen/A-DRZ/argus/stella_vslam_dense_argus/example/kitti/KITTI_mono_04-12.yaml", "YAML", 0, 41, 0, 0, 0, 0, 0, 0, 0, 0, 0, 0, 0, 0, 0, 0, 0, 16, 15, 72
"/home/jklasen/A-DRZ/argus/stella_vslam_dense_argus/example/kitti/KITTI_stereo_00-02.yaml", "YAML", 0, 43, 0, 0, 0, 0, 0, 0, 0, 0, 0, 0, 0, 0, 0, 0, 0, 19, 17, 79
"/home/jklasen/A-DRZ/argus/stella_vslam_dense_argus/example/kitti/KITTI_stereo_03.yaml", "YAML", 0, 43, 0, 0, 0, 0, 0, 0, 0, 0, 0, 0, 0, 0, 0, 0, 0, 19, 17, 79
"/home/jklasen/A-DRZ/argus/stella_vslam_dense_argus/example/kitti/KITTI_stereo_04-12.yaml", "YAML", 0, 43, 0, 0, 0, 0, 0, 0, 0, 0, 0, 0, 0, 0, 0, 0, 0, 19, 17, 79
"/home/jklasen/A-DRZ/argus/stella_vslam_dense_argus/example/nerf/nerf.yaml", "YAML", 0, 30, 0, 0, 0, 0, 0, 0, 0, 0, 0, 0, 0, 0, 0, 0, 0, 18, 14, 62
"/home/jklasen/A-DRZ/argus/stella_vslam_dense_argus/example/nerf/nerf_hd.yaml", "YAML", 0, 30, 0, 0, 0, 0, 0, 0, 0, 0, 0, 0, 0, 0, 0, 0, 0, 18, 14, 62
"/home/jklasen/A-DRZ/argus/stella_vslam_dense_argus/example/tum_rgbd/TUM_RGBD_mono_1.yaml", "YAML", 0, 41, 0, 0, 0, 0, 0, 0, 0, 0, 0, 0, 0, 0, 0, 0, 0, 16, 15, 72
"/home/jklasen/A-DRZ/argus/stella_vslam_dense_argus/example/tum_rgbd/TUM_RGBD_mono_2.yaml", "YAML", 0, 41, 0, 0, 0, 0, 0, 0, 0, 0, 0, 0, 0, 0, 0, 0, 0, 16, 15, 72
"/home/jklasen/A-DRZ/argus/stella_vslam_dense_argus/example/tum_rgbd/TUM_RGBD_mono_3.yaml", "YAML", 0, 41, 0, 0, 0, 0, 0, 0, 0, 0, 0, 0, 0, 0, 0, 0, 0, 16, 15, 72
"/home/jklasen/A-DRZ/argus/stella_vslam_dense_argus/example/tum_rgbd/TUM_RGBD_rgbd_1.yaml", "YAML", 0, 42, 0, 0, 0, 0, 0, 0, 0, 0, 0, 0, 0, 0, 0, 0, 0, 16, 15, 73
"/home/jklasen/A-DRZ/argus/stella_vslam_dense_argus/example/tum_rgbd/TUM_RGBD_rgbd_2.yaml", "YAML", 0, 42, 0, 0, 0, 0, 0, 0, 0, 0, 0, 0, 0, 0, 0, 0, 0, 16, 15, 73
"/home/jklasen/A-DRZ/argus/stella_vslam_dense_argus/example/tum_rgbd/TUM_RGBD_rgbd_3.yaml", "YAML", 0, 42, 0, 0, 0, 0, 0, 0, 0, 0, 0, 0, 0, 0, 0, 0, 0, 16, 15, 73
"/home/jklasen/A-DRZ/argus/stella_vslam_dense_argus/example/tum_vi/TUM_VI_mono.yaml", "YAML", 0, 31, 0, 0, 0, 0, 0, 0, 0, 0, 0, 0, 0, 0, 0, 0, 0, 18, 15, 64
"/home/jklasen/A-DRZ/argus/stella_vslam_dense_argus/example/tum_vi/TUM_VI_stereo.yaml", "YAML", 0, 95, 0, 0, 0, 0, 0, 0, 0, 0, 0, 0, 0, 0, 0, 0, 0, 29, 21, 145
"/home/jklasen/A-DRZ/argus/stella_vslam_dense_argus/keyframes.py", "Python", 0, 0, 0, 59, 0, 0, 0, 0, 0, 0, 0, 0, 0, 0, 0, 0, 0, 0, 12, 71
"/home/jklasen/A-DRZ/argus/stella_vslam_dense_argus/landmarks.py", "Python", 0, 0, 0, 76, 0, 0, 0, 0, 0, 0, 0, 0, 0, 0, 0, 0, 0, 0, 12, 88
"/home/jklasen/A-DRZ/argus/stella_vslam_dense_argus/launch.sh", "Shell Script", 13, 0, 0, 0, 0, 0, 0, 0, 0, 0, 0, 0, 0, 0, 0, 0, 0, 1, 1, 15
"/home/jklasen/A-DRZ/argus/stella_vslam_dense_argus/main.py", "Python", 0, 0, 0, 8, 0, 0, 0, 0, 0, 0, 0, 0, 0, 0, 0, 0, 0, 0, 3, 11
"/home/jklasen/A-DRZ/argus/stella_vslam_dense_argus/map_segment_pb2.py", "Python", 0, 0, 0, 319, 0, 0, 0, 0, 0, 0, 0, 0, 0, 0, 0, 0, 0, 11, 25, 355
"/home/jklasen/A-DRZ/argus/stella_vslam_dense_argus/package.xml", "XML", 0, 0, 0, 0, 0, 0, 0, 0, 0, 0, 0, 0, 0, 23, 0, 0, 0, 2, 6, 31
"/home/jklasen/A-DRZ/argus/stella_vslam_dense_argus/scripts/dataset_tools/compute_euroc_cam_tf.py", "Python", 0, 0, 0, 11, 0, 0, 0, 0, 0, 0, 0, 0, 0, 0, 0, 0, 0, 1, 1, 13
"/home/jklasen/A-DRZ/argus/stella_vslam_dense_argus/scripts/export_dense_msg_to_ply.py", "Python", 0, 0, 0, 76, 0, 0, 0, 0, 0, 0, 0, 0, 0, 0, 0, 0, 0, 3, 20, 99
"/home/jklasen/A-DRZ/argus/stella_vslam_dense_argus/scripts/export_msgpack_to_nerf.py", "Python", 0, 0, 0, 213, 0, 0, 0, 0, 0, 0, 0, 0, 0, 0, 0, 0, 0, 20, 66, 299
"/home/jklasen/A-DRZ/argus/stella_vslam_dense_argus/scripts/export_sqlite3_to_nerf.py", "Python", 0, 0, 0, 213, 0, 0, 0, 0, 0, 0, 0, 0, 0, 0, 0, 0, 0, 19, 66, 298
"/home/jklasen/A-DRZ/argus/stella_vslam_dense_argus/scripts/ubuntu/README.md", "Markdown", 0, 0, 0, 0, 53, 0, 0, 0, 0, 0, 0, 0, 0, 0, 0, 0, 0, 0, 31, 84
"/home/jklasen/A-DRZ/argus/stella_vslam_dense_argus/scripts/ubuntu/build_stella_vslam_docker.sh", "Shell Script", 11, 0, 0, 0, 0, 0, 0, 0, 0, 0, 0, 0, 0, 0, 0, 0, 0, 8, 7, 26
"/home/jklasen/A-DRZ/argus/stella_vslam_dense_argus/scripts/ubuntu/download_sampledata.sh", "Shell Script", 20, 0, 0, 0, 0, 0, 0, 0, 0, 0, 0, 0, 0, 0, 0, 0, 0, 6, 8, 34
"/home/jklasen/A-DRZ/argus/stella_vslam_dense_argus/scripts/ubuntu/install_docker.sh", "Shell Script", 19, 0, 0, 0, 0, 0, 0, 0, 0, 0, 0, 0, 0, 0, 0, 0, 0, 9, 9, 37
"/home/jklasen/A-DRZ/argus/stella_vslam_dense_argus/scripts/ubuntu/install_nvidia_docker.sh", "Shell Script", 7, 0, 0, 0, 0, 0, 0, 0, 0, 0, 0, 0, 0, 0, 0, 0, 0, 6, 4, 17
"/home/jklasen/A-DRZ/argus/stella_vslam_dense_argus/scripts/windows/Build.bat", "Batch", 0, 0, 0, 0, 0, 0, 0, 0, 67, 0, 0, 0, 0, 0, 0, 0, 0, 0, 29, 96
"/home/jklasen/A-DRZ/argus/stella_vslam_dense_argus/scripts/workflows/evo_rpe_print_row.bash", "Shell Script", 8, 0, 0, 0, 0, 0, 0, 0, 0, 0, 0, 0, 0, 0, 0, 0, 0, 1, 1, 10
"/home/jklasen/A-DRZ/argus/stella_vslam_dense_argus/scripts/workflows/track_time_print_row.bash", "Shell Script", 4, 0, 0, 0, 0, 0, 0, 0, 0, 0, 0, 0, 0, 0, 0, 0, 0, 1, 1, 6
"/home/jklasen/A-DRZ/argus/stella_vslam_dense_argus/setinterval.py", "Python", 0, 0, 0, 18, 0, 0, 0, 0, 0, 0, 0, 0, 0, 0, 0, 0, 0, 0, 5, 23
"/home/jklasen/A-DRZ/argus/stella_vslam_dense_argus/slam_server.py", "Python", 0, 0, 0, 128, 0, 0, 0, 0, 0, 0, 0, 0, 0, 0, 0, 0, 0, 13, 16, 157
"/home/jklasen/A-DRZ/argus/stella_vslam_dense_argus/src/stella_vslam/camera/base.cc", "C++", 0, 0, 0, 0, 0, 0, 0, 0, 0, 0, 0, 146, 0, 0, 0, 0, 0, 2, 25, 173
"/home/jklasen/A-DRZ/argus/stella_vslam_dense_argus/src/stella_vslam/camera/base.h", "C++", 0, 0, 0, 0, 0, 0, 0, 0, 0, 0, 0, 91, 0, 0, 0, 0, 0, 55, 50, 196
"/home/jklasen/A-DRZ/argus/stella_vslam_dense_argus/src/stella_vslam/camera/camera_factory.h", "C++", 0, 0, 0, 0, 0, 0, 0, 0, 0, 0, 0, 55, 0, 0, 0, 0, 0, 0, 10, 65
"/home/jklasen/A-DRZ/argus/stella_vslam_dense_argus/src/stella_vslam/camera/equirectangular.cc", "C++", 0, 0, 0, 0, 0, 0, 0, 0, 0, 0, 0, 87, 0, 0, 0, 0, 0, 10, 26, 123
"/home/jklasen/A-DRZ/argus/stella_vslam_dense_argus/src/stella_vslam/camera/equirectangular.h", "C++", 0, 0, 0, 0, 0, 0, 0, 0, 0, 0, 0, 26, 0, 0, 0, 0, 0, 1, 18, 45
"/home/jklasen/A-DRZ/argus/stella_vslam_dense_argus/src/stella_vslam/camera/fisheye.cc", "C++", 0, 0, 0, 0, 0, 0, 0, 0, 0, 0, 0, 235, 0, 0, 0, 0, 0, 33, 50, 318
"/home/jklasen/A-DRZ/argus/stella_vslam_dense_argus/src/stella_vslam/camera/fisheye.h", "C++", 0, 0, 0, 0, 0, 0, 0, 0, 0, 0, 0, 45, 0, 0, 0, 0, 0, 9, 24, 78
"/home/jklasen/A-DRZ/argus/stella_vslam_dense_argus/src/stella_vslam/camera/perspective.cc", "C++", 0, 0, 0, 0, 0, 0, 0, 0, 0, 0, 0, 214, 0, 0, 0, 0, 0, 24, 45, 283
"/home/jklasen/A-DRZ/argus/stella_vslam_dense_argus/src/stella_vslam/camera/perspective.h", "C++", 0, 0, 0, 0, 0, 0, 0, 0, 0, 0, 0, 51, 0, 0, 0, 0, 0, 9, 24, 84
"/home/jklasen/A-DRZ/argus/stella_vslam_dense_argus/src/stella_vslam/camera/radial_division.cc", "C++", 0, 0, 0, 0, 0, 0, 0, 0, 0, 0, 0, 144, 0, 0, 0, 0, 0, 2, 36, 182
"/home/jklasen/A-DRZ/argus/stella_vslam_dense_argus/src/stella_vslam/camera/radial_division.h", "C++", 0, 0, 0, 0, 0, 0, 0, 0, 0, 0, 0, 35, 0, 0, 0, 0, 0, 14, 21, 70
"/home/jklasen/A-DRZ/argus/stella_vslam_dense_argus/src/stella_vslam/config.cc", "C++", 0, 0, 0, 0, 0, 0, 0, 0, 0, 0, 0, 37, 0, 0, 0, 0, 0, 3, 12, 52
"/home/jklasen/A-DRZ/argus/stella_vslam_dense_argus/src/stella_vslam/config.h", "C++", 0, 0, 0, 0, 0, 0, 0, 0, 0, 0, 0, 20, 0, 0, 0, 0, 0, 5, 13, 38
"/home/jklasen/A-DRZ/argus/stella_vslam_dense_argus/src/stella_vslam/dense_module.cc", "C++", 0, 0, 0, 0, 0, 0, 0, 0, 0, 0, 0, 299, 0, 0, 0, 0, 0, 17, 52, 368
"/home/jklasen/A-DRZ/argus/stella_vslam_dense_argus/src/stella_vslam/dense_module.h", "C++", 0, 0, 0, 0, 0, 0, 0, 0, 0, 0, 0, 74, 0, 0, 0, 0, 0, 67, 66, 207
"/home/jklasen/A-DRZ/argus/stella_vslam_dense_argus/src/stella_vslam/feature/orb_extractor.cc", "C++", 0, 0, 0, 0, 0, 0, 0, 0, 0, 0, 0, 315, 0, 0, 0, 0, 0, 44, 78, 437
"/home/jklasen/A-DRZ/argus/stella_vslam_dense_argus/src/stella_vslam/feature/orb_extractor.h", "C++", 0, 0, 0, 0, 0, 0, 0, 0, 0, 0, 0, 48, 0, 0, 0, 0, 0, 23, 30, 101
"/home/jklasen/A-DRZ/argus/stella_vslam_dense_argus/src/stella_vslam/feature/orb_extractor_node.cc", "C++", 0, 0, 0, 0, 0, 0, 0, 0, 0, 0, 0, 37, 0, 0, 0, 0, 0, 7, 10, 54
"/home/jklasen/A-DRZ/argus/stella_vslam_dense_argus/src/stella_vslam/feature/orb_extractor_node.h", "C++", 0, 0, 0, 0, 0, 0, 0, 0, 0, 0, 0, 22, 0, 0, 0, 0, 0, 6, 12, 40
"/home/jklasen/A-DRZ/argus/stella_vslam_dense_argus/src/stella_vslam/feature/orb_impl.cc", "C++", 0, 0, 0, 0, 0, 0, 0, 0, 0, 0, 0, 99, 0, 0, 0, 0, 0, 36, 22, 157
"/home/jklasen/A-DRZ/argus/stella_vslam_dense_argus/src/stella_vslam/feature/orb_impl.h", "C++", 0, 0, 0, 0, 0, 0, 0, 0, 0, 0, 0, 19, 0, 0, 0, 0, 0, 3, 8, 30
"/home/jklasen/A-DRZ/argus/stella_vslam_dense_argus/src/stella_vslam/feature/orb_params.cc", "C++", 0, 0, 0, 0, 0, 0, 0, 0, 0, 0, 0, 70, 0, 0, 0, 0, 0, 0, 13, 83
"/home/jklasen/A-DRZ/argus/stella_vslam_dense_argus/src/stella_vslam/feature/orb_params.h", "C++", 0, 0, 0, 0, 0, 0, 0, 0, 0, 0, 0, 34, 0, 0, 0, 0, 0, 10, 18, 62
"/home/jklasen/A-DRZ/argus/stella_vslam_dense_argus/src/stella_vslam/feature/orb_point_pairs.h", "C++", 0, 0, 0, 0, 0, 0, 0, 0, 0, 0, 0, 266, 0, 0, 0, 0, 0, 37, 7, 310
"/home/jklasen/A-DRZ/argus/stella_vslam_dense_argus/src/stella_vslam/global_optimization_module.cc", "C++", 0, 0, 0, 0, 0, 0, 0, 0, 0, 0, 0, 442, 0, 0, 0, 0, 0, 73, 103, 618
"/home/jklasen/A-DRZ/argus/stella_vslam_dense_argus/src/stella_vslam/global_optimization_module.h", "C++", 0, 0, 0, 0, 0, 0, 0, 0, 0, 0, 0, 98, 0, 0, 0, 0, 0, 94, 78, 270
"/home/jklasen/A-DRZ/argus/stella_vslam_dense_argus/src/stella_vslam/initialize/base.cc", "C++", 0, 0, 0, 0, 0, 0, 0, 0, 0, 0, 0, 153, 0, 0, 0, 0, 0, 23, 39, 215
"/home/jklasen/A-DRZ/argus/stella_vslam_dense_argus/src/stella_vslam/initialize/base.h", "C++", 0, 0, 0, 0, 0, 0, 0, 0, 0, 0, 0, 57, 0, 0, 0, 0, 0, 35, 30, 122
"/home/jklasen/A-DRZ/argus/stella_vslam_dense_argus/src/stella_vslam/initialize/bearing_vector.cc", "C++", 0, 0, 0, 0, 0, 0, 0, 0, 0, 0, 0, 60, 0, 0, 0, 0, 0, 7, 14, 81
"/home/jklasen/A-DRZ/argus/stella_vslam_dense_argus/src/stella_vslam/initialize/bearing_vector.h", "C++", 0, 0, 0, 0, 0, 0, 0, 0, 0, 0, 0, 29, 0, 0, 0, 0, 0, 6, 14, 49
"/home/jklasen/A-DRZ/argus/stella_vslam_dense_argus/src/stella_vslam/initialize/perspective.cc", "C++", 0, 0, 0, 0, 0, 0, 0, 0, 0, 0, 0, 116, 0, 0, 0, 0, 0, 11, 23, 150
"/home/jklasen/A-DRZ/argus/stella_vslam_dense_argus/src/stella_vslam/initialize/perspective.h", "C++", 0, 0, 0, 0, 0, 0, 0, 0, 0, 0, 0, 33, 0, 0, 0, 0, 0, 11, 17, 61
"/home/jklasen/A-DRZ/argus/stella_vslam_dense_argus/src/stella_vslam/io/keyframe_io_base.h", "C++", 0, 0, 0, 0, 0, 0, 0, 0, 0, 0, 0, 17, 0, 0, 0, 0, 0, 3, 8, 28
"/home/jklasen/A-DRZ/argus/stella_vslam_dense_argus/src/stella_vslam/io/keyframe_io_factory.h", "C++", 0, 0, 0, 0, 0, 0, 0, 0, 0, 0, 0, 26, 0, 0, 0, 0, 0, 0, 9, 35
"/home/jklasen/A-DRZ/argus/stella_vslam_dense_argus/src/stella_vslam/io/keyframe_io_opencv.cc", "C++", 0, 0, 0, 0, 0, 0, 0, 0, 0, 0, 0, 38, 0, 0, 0, 0, 0, 0, 11, 49
"/home/jklasen/A-DRZ/argus/stella_vslam_dense_argus/src/stella_vslam/io/keyframe_io_opencv.h", "C++", 0, 0, 0, 0, 0, 0, 0, 0, 0, 0, 0, 21, 0, 0, 0, 0, 0, 12, 12, 45
"/home/jklasen/A-DRZ/argus/stella_vslam_dense_argus/src/stella_vslam/io/map_database_io_base.h", "C++", 0, 0, 0, 0, 0, 0, 0, 0, 0, 0, 0, 29, 0, 0, 0, 0, 0, 6, 10, 45
"/home/jklasen/A-DRZ/argus/stella_vslam_dense_argus/src/stella_vslam/io/map_database_io_factory.h", "C++", 0, 0, 0, 0, 0, 0, 0, 0, 0, 0, 0, 33, 0, 0, 0, 0, 0, 0, 9, 42
"/home/jklasen/A-DRZ/argus/stella_vslam_dense_argus/src/stella_vslam/io/map_database_io_msgpack.cc", "C++", 0, 0, 0, 0, 0, 0, 0, 0, 0, 0, 0, 90, 0, 0, 0, 0, 0, 5, 18, 113
"/home/jklasen/A-DRZ/argus/stella_vslam_dense_argus/src/stella_vslam/io/map_database_io_msgpack.h", "C++", 0, 0, 0, 0, 0, 0, 0, 0, 0, 0, 0, 30, 0, 0, 0, 0, 0, 12, 12, 54
"/home/jklasen/A-DRZ/argus/stella_vslam_dense_argus/src/stella_vslam/io/map_database_io_sqlite3.cc", "C++", 0, 0, 0, 0, 0, 0, 0, 0, 0, 0, 0, 129, 0, 0, 0, 0, 0, 5, 18, 152
"/home/jklasen/A-DRZ/argus/stella_vslam_dense_argus/src/stella_vslam/io/map_database_io_sqlite3.h", "C++", 0, 0, 0, 0, 0, 0, 0, 0, 0, 0, 0, 34, 0, 0, 0, 0, 0, 12, 14, 60
"/home/jklasen/A-DRZ/argus/stella_vslam_dense_argus/src/stella_vslam/io/point_cloud_io_base.h", "C++", 0, 0, 0, 0, 0, 0, 0, 0, 0, 0, 0, 17, 0, 0, 0, 0, 0, 3, 8, 28
"/home/jklasen/A-DRZ/argus/stella_vslam_dense_argus/src/stella_vslam/io/point_cloud_io_factory.h", "C++", 0, 0, 0, 0, 0, 0, 0, 0, 0, 0, 0, 26, 0, 0, 0, 0, 0, 0, 9, 35
"/home/jklasen/A-DRZ/argus/stella_vslam_dense_argus/src/stella_vslam/io/point_cloud_io_ply.cc", "C++", 0, 0, 0, 0, 0, 0, 0, 0, 0, 0, 0, 44, 0, 0, 0, 0, 0, 0, 12, 56
"/home/jklasen/A-DRZ/argus/stella_vslam_dense_argus/src/stella_vslam/io/point_cloud_io_ply.h", "C++", 0, 0, 0, 0, 0, 0, 0, 0, 0, 0, 0, 19, 0, 0, 0, 0, 0, 9, 11, 39
"/home/jklasen/A-DRZ/argus/stella_vslam_dense_argus/src/stella_vslam/io/trajectory_io.cc", "C++", 0, 0, 0, 0, 0, 0, 0, 0, 0, 0, 0, 133, 0, 0, 0, 0, 0, 7, 35, 175
"/home/jklasen/A-DRZ/argus/stella_vslam_dense_argus/src/stella_vslam/io/trajectory_io.h", "C++", 0, 0, 0, 0, 0, 0, 0, 0, 0, 0, 0, 20, 0, 0, 0, 0, 0, 13, 12, 45
"/home/jklasen/A-DRZ/argus/stella_vslam_dense_argus/src/stella_vslam/mapping_module.cc", "C++", 0, 0, 0, 0, 0, 0, 0, 0, 0, 0, 0, 496, 0, 0, 0, 0, 0, 66, 97, 659
"/home/jklasen/A-DRZ/argus/stella_vslam_dense_argus/src/stella_vslam/mapping_module.h", "C++", 0, 0, 0, 0, 0, 0, 0, 0, 0, 0, 0, 99, 0, 0, 0, 0, 0, 97, 87, 283
"/home/jklasen/A-DRZ/argus/stella_vslam_dense_argus/src/stella_vslam/marker_detector/aruco.cc", "C++", 0, 0, 0, 0, 0, 0, 0, 0, 0, 0, 0, 98, 0, 0, 0, 0, 0, 0, 7, 105
"/home/jklasen/A-DRZ/argus/stella_vslam_dense_argus/src/stella_vslam/marker_detector/aruco.h", "C++", 0, 0, 0, 0, 0, 0, 0, 0, 0, 0, 0, 46, 0, 0, 0, 0, 0, 4, 17, 67
"/home/jklasen/A-DRZ/argus/stella_vslam_dense_argus/src/stella_vslam/marker_detector/aruco_disabled.cc", "C++", 0, 0, 0, 0, 0, 0, 0, 0, 0, 0, 0, 20, 0, 0, 0, 0, 0, 0, 4, 24
"/home/jklasen/A-DRZ/argus/stella_vslam_dense_argus/src/stella_vslam/marker_detector/base.cc", "C++", 0, 0, 0, 0, 0, 0, 0, 0, 0, 0, 0, 39, 0, 0, 0, 0, 0, 4, 9, 52
"/home/jklasen/A-DRZ/argus/stella_vslam_dense_argus/src/stella_vslam/marker_detector/base.h", "C++", 0, 0, 0, 0, 0, 0, 0, 0, 0, 0, 0, 35, 0, 0, 0, 0, 0, 8, 18, 61
"/home/jklasen/A-DRZ/argus/stella_vslam_dense_argus/src/stella_vslam/marker_model/aruco.cc", "C++", 0, 0, 0, 0, 0, 0, 0, 0, 0, 0, 0, 32, 0, 0, 0, 0, 0, 0, 9, 41
"/home/jklasen/A-DRZ/argus/stella_vslam_dense_argus/src/stella_vslam/marker_model/aruco.h", "C++", 0, 0, 0, 0, 0, 0, 0, 0, 0, 0, 0, 22, 0, 0, 0, 0, 0, 4, 12, 38
"/home/jklasen/A-DRZ/argus/stella_vslam_dense_argus/src/stella_vslam/marker_model/base.cc", "C++", 0, 0, 0, 0, 0, 0, 0, 0, 0, 0, 0, 33, 0, 0, 0, 0, 0, 0, 9, 42
"/home/jklasen/A-DRZ/argus/stella_vslam_dense_argus/src/stella_vslam/marker_model/base.h", "C++", 0, 0, 0, 0, 0, 0, 0, 0, 0, 0, 0, 22, 0, 0, 0, 0, 0, 4, 13, 39
"/home/jklasen/A-DRZ/argus/stella_vslam_dense_argus/src/stella_vslam/match/area.cc", "C++", 0, 0, 0, 0, 0, 0, 0, 0, 0, 0, 0, 69, 0, 0, 0, 0, 0, 10, 23, 102
"/home/jklasen/A-DRZ/argus/stella_vslam_dense_argus/src/stella_vslam/match/area.h", "C++", 0, 0, 0, 0, 0, 0, 0, 0, 0, 0, 0, 19, 0, 0, 0, 0, 0, 0, 10, 29
"/home/jklasen/A-DRZ/argus/stella_vslam_dense_argus/src/stella_vslam/match/base.h", "C++", 0, 0, 0, 0, 0, 0, 0, 0, 0, 0, 0, 55, 0, 0, 0, 0, 0, 4, 22, 81
"/home/jklasen/A-DRZ/argus/stella_vslam_dense_argus/src/stella_vslam/match/bow_tree.cc", "C++", 0, 0, 0, 0, 0, 0, 0, 0, 0, 0, 0, 146, 0, 0, 0, 0, 0, 22, 43, 211
"/home/jklasen/A-DRZ/argus/stella_vslam_dense_argus/src/stella_vslam/match/bow_tree.h", "C++", 0, 0, 0, 0, 0, 0, 0, 0, 0, 0, 0, 22, 0, 0, 0, 0, 0, 6, 12, 40
"/home/jklasen/A-DRZ/argus/stella_vslam_dense_argus/src/stella_vslam/match/fuse.cc", "C++", 0, 0, 0, 0, 0, 0, 0, 0, 0, 0, 0, 138, 0, 0, 0, 0, 0, 17, 31, 186
"/home/jklasen/A-DRZ/argus/stella_vslam_dense_argus/src/stella_vslam/match/fuse.h", "C++", 0, 0, 0, 0, 0, 0, 0, 0, 0, 0, 0, 32, 0, 0, 0, 0, 0, 1, 12, 45
"/home/jklasen/A-DRZ/argus/stella_vslam_dense_argus/src/stella_vslam/match/projection.cc", "C++", 0, 0, 0, 0, 0, 0, 0, 0, 0, 0, 0, 454, 0, 0, 0, 0, 0, 62, 131, 647
"/home/jklasen/A-DRZ/argus/stella_vslam_dense_argus/src/stella_vslam/match/projection.h", "C++", 0, 0, 0, 0, 0, 0, 0, 0, 0, 0, 0, 44, 0, 0, 0, 0, 0, 9, 15, 68
"/home/jklasen/A-DRZ/argus/stella_vslam_dense_argus/src/stella_vslam/match/robust.cc", "C++", 0, 0, 0, 0, 0, 0, 0, 0, 0, 0, 0, 239, 0, 0, 0, 0, 0, 53, 66, 358
"/home/jklasen/A-DRZ/argus/stella_vslam_dense_argus/src/stella_vslam/match/robust.h", "C++", 0, 0, 0, 0, 0, 0, 0, 0, 0, 0, 0, 34, 0, 0, 0, 0, 0, 0, 15, 49
"/home/jklasen/A-DRZ/argus/stella_vslam_dense_argus/src/stella_vslam/match/stereo.cc", "C++", 0, 0, 0, 0, 0, 0, 0, 0, 0, 0, 0, 178, 0, 0, 0, 0, 0, 37, 40, 255
"/home/jklasen/A-DRZ/argus/stella_vslam_dense_argus/src/stella_vslam/match/stereo.h", "C++", 0, 0, 0, 0, 0, 0, 0, 0, 0, 0, 0, 44, 0, 0, 0, 0, 0, 41, 21, 106
"/home/jklasen/A-DRZ/argus/stella_vslam_dense_argus/src/stella_vslam/module/frame_tracker.cc", "C++", 0, 0, 0, 0, 0, 0, 0, 0, 0, 0, 0, 105, 0, 0, 0, 0, 0, 18, 32, 155
"/home/jklasen/A-DRZ/argus/stella_vslam_dense_argus/src/stella_vslam/module/frame_tracker.h", "C++", 0, 0, 0, 0, 0, 0, 0, 0, 0, 0, 0, 31, 0, 0, 0, 0, 0, 1, 16, 48
"/home/jklasen/A-DRZ/argus/stella_vslam_dense_argus/src/stella_vslam/module/initializer.cc", "C++", 0, 0, 0, 0, 0, 0, 0, 0, 0, 0, 0, 269, 0, 0, 0, 0, 0, 48, 62, 379
"/home/jklasen/A-DRZ/argus/stella_vslam_dense_argus/src/stella_vslam/module/initializer.h", "C++", 0, 0, 0, 0, 0, 0, 0, 0, 0, 0, 0, 61, 0, 0, 0, 0, 0, 38, 32, 131
"/home/jklasen/A-DRZ/argus/stella_vslam_dense_argus/src/stella_vslam/module/keyframe_inserter.cc", "C++", 0, 0, 0, 0, 0, 0, 0, 0, 0, 0, 0, 156, 0, 0, 0, 0, 0, 25, 31, 212
"/home/jklasen/A-DRZ/argus/stella_vslam_dense_argus/src/stella_vslam/module/keyframe_inserter.h", "C++", 0, 0, 0, 0, 0, 0, 0, 0, 0, 0, 0, 46, 0, 0, 0, 0, 0, 9, 21, 76
"/home/jklasen/A-DRZ/argus/stella_vslam_dense_argus/src/stella_vslam/module/local_map_cleaner.cc", "C++", 0, 0, 0, 0, 0, 0, 0, 0, 0, 0, 0, 138, 0, 0, 0, 0, 0, 31, 28, 197
"/home/jklasen/A-DRZ/argus/stella_vslam_dense_argus/src/stella_vslam/module/local_map_cleaner.h", "C++", 0, 0, 0, 0, 0, 0, 0, 0, 0, 0, 0, 35, 0, 0, 0, 0, 0, 28, 20, 83
"/home/jklasen/A-DRZ/argus/stella_vslam_dense_argus/src/stella_vslam/module/local_map_updater.cc", "C++", 0, 0, 0, 0, 0, 0, 0, 0, 0, 0, 0, 172, 0, 0, 0, 0, 0, 10, 35, 217
"/home/jklasen/A-DRZ/argus/stella_vslam_dense_argus/src/stella_vslam/module/local_map_updater.h", "C++", 0, 0, 0, 0, 0, 0, 0, 0, 0, 0, 0, 47, 0, 0, 0, 0, 0, 15, 21, 83
"/home/jklasen/A-DRZ/argus/stella_vslam_dense_argus/src/stella_vslam/module/loop_bundle_adjuster.cc", "C++", 0, 0, 0, 0, 0, 0, 0, 0, 0, 0, 0, 120, 0, 0, 0, 0, 0, 17, 33, 170
"/home/jklasen/A-DRZ/argus/stella_vslam_dense_argus/src/stella_vslam/module/loop_bundle_adjuster.h", "C++", 0, 0, 0, 0, 0, 0, 0, 0, 0, 0, 0, 29, 0, 0, 0, 0, 0, 26, 21, 76
"/home/jklasen/A-DRZ/argus/stella_vslam_dense_argus/src/stella_vslam/module/loop_detector.cc", "C++", 0, 0, 0, 0, 0, 0, 0, 0, 0, 0, 0, 431, 0, 0, 0, 0, 0, 82, 101, 614
"/home/jklasen/A-DRZ/argus/stella_vslam_dense_argus/src/stella_vslam/module/loop_detector.h", "C++", 0, 0, 0, 0, 0, 0, 0, 0, 0, 0, 0, 70, 0, 0, 0, 0, 0, 82, 49, 201
"/home/jklasen/A-DRZ/argus/stella_vslam_dense_argus/src/stella_vslam/module/relocalizer.cc", "C++", 0, 0, 0, 0, 0, 0, 0, 0, 0, 0, 0, 330, 0, 0, 0, 0, 0, 35, 57, 422
"/home/jklasen/A-DRZ/argus/stella_vslam_dense_argus/src/stella_vslam/module/relocalizer.h", "C++", 0, 0, 0, 0, 0, 0, 0, 0, 0, 0, 0, 65, 0, 0, 0, 0, 0, 15, 19, 99
"/home/jklasen/A-DRZ/argus/stella_vslam_dense_argus/src/stella_vslam/module/two_view_triangulator.cc", "C++", 0, 0, 0, 0, 0, 0, 0, 0, 0, 0, 0, 93, 0, 0, 0, 0, 0, 14, 19, 126
"/home/jklasen/A-DRZ/argus/stella_vslam_dense_argus/src/stella_vslam/module/two_view_triangulator.h", "C++", 0, 0, 0, 0, 0, 0, 0, 0, 0, 0, 0, 61, 0, 0, 0, 0, 0, 24, 29, 114
"/home/jklasen/A-DRZ/argus/stella_vslam_dense_argus/src/stella_vslam/module/type.h", "C++", 0, 0, 0, 0, 0, 0, 0, 0, 0, 0, 0, 36, 0, 0, 0, 0, 0, 2, 13, 51
"/home/jklasen/A-DRZ/argus/stella_vslam_dense_argus/src/stella_vslam/optimize/global_bundle_adjuster.cc", "C++", 0, 0, 0, 0, 0, 0, 0, 0, 0, 0, 0, 262, 0, 0, 0, 0, 0, 20, 56, 338
"/home/jklasen/A-DRZ/argus/stella_vslam_dense_argus/src/stella_vslam/optimize/global_bundle_adjuster.h", "C++", 0, 0, 0, 0, 0, 0, 0, 0, 0, 0, 0, 28, 0, 0, 0, 0, 0, 20, 12, 60
"/home/jklasen/A-DRZ/argus/stella_vslam_dense_argus/src/stella_vslam/optimize/graph_optimizer.cc", "C++", 0, 0, 0, 0, 0, 0, 0, 0, 0, 0, 0, 197, 0, 0, 0, 0, 0, 45, 66, 308
"/home/jklasen/A-DRZ/argus/stella_vslam_dense_argus/src/stella_vslam/optimize/graph_optimizer.h", "C++", 0, 0, 0, 0, 0, 0, 0, 0, 0, 0, 0, 27, 0, 0, 0, 0, 0, 16, 12, 55
"/home/jklasen/A-DRZ/argus/stella_vslam_dense_argus/src/stella_vslam/optimize/internal/landmark_vertex.h", "C++", 0, 0, 0, 0, 0, 0, 0, 0, 0, 0, 0, 43, 0, 0, 0, 0, 0, 0, 17, 60
"/home/jklasen/A-DRZ/argus/stella_vslam_dense_argus/src/stella_vslam/optimize/internal/landmark_vertex_container.h", "C++", 0, 0, 0, 0, 0, 0, 0, 0, 0, 0, 0, 97, 0, 0, 0, 0, 0, 19, 38, 154
"/home/jklasen/A-DRZ/argus/stella_vslam_dense_argus/src/stella_vslam/optimize/internal/marker_vertex_container.h", "C++", 0, 0, 0, 0, 0, 0, 0, 0, 0, 0, 0, 67, 0, 0, 0, 0, 0, 11, 23, 101
"/home/jklasen/A-DRZ/argus/stella_vslam_dense_argus/src/stella_vslam/optimize/internal/se3/equirectangular_pose_opt_edge.h", "C++", 0, 0, 0, 0, 0, 0, 0, 0, 0, 0, 0, 95, 0, 0, 0, 0, 0, 8, 26, 129
"/home/jklasen/A-DRZ/argus/stella_vslam_dense_argus/src/stella_vslam/optimize/internal/se3/equirectangular_reproj_edge.h", "C++", 0, 0, 0, 0, 0, 0, 0, 0, 0, 0, 0, 105, 0, 0, 0, 0, 0, 10, 27, 142
"/home/jklasen/A-DRZ/argus/stella_vslam_dense_argus/src/stella_vslam/optimize/internal/se3/perspective_pose_opt_edge.h", "C++", 0, 0, 0, 0, 0, 0, 0, 0, 0, 0, 0, 169, 0, 0, 0, 0, 0, 0, 45, 214
"/home/jklasen/A-DRZ/argus/stella_vslam_dense_argus/src/stella_vslam/optimize/internal/se3/perspective_reproj_edge.h", "C++", 0, 0, 0, 0, 0, 0, 0, 0, 0, 0, 0, 192, 0, 0, 0, 0, 0, 0, 54, 246
"/home/jklasen/A-DRZ/argus/stella_vslam_dense_argus/src/stella_vslam/optimize/internal/se3/pose_opt_edge_wrapper.h", "C++", 0, 0, 0, 0, 0, 0, 0, 0, 0, 0, 0, 202, 0, 0, 0, 0, 0, 2, 65, 269
"/home/jklasen/A-DRZ/argus/stella_vslam_dense_argus/src/stella_vslam/optimize/internal/se3/reproj_edge_wrapper.h", "C++", 0, 0, 0, 0, 0, 0, 0, 0, 0, 0, 0, 213, 0, 0, 0, 0, 0, 2, 58, 273
"/home/jklasen/A-DRZ/argus/stella_vslam_dense_argus/src/stella_vslam/optimize/internal/se3/shot_vertex.h", "C++", 0, 0, 0, 0, 0, 0, 0, 0, 0, 0, 0, 49, 0, 0, 0, 0, 0, 0, 17, 66
"/home/jklasen/A-DRZ/argus/stella_vslam_dense_argus/src/stella_vslam/optimize/internal/se3/shot_vertex_container.h", "C++", 0, 0, 0, 0, 0, 0, 0, 0, 0, 0, 0, 112, 0, 0, 0, 0, 0, 21, 44, 177
"/home/jklasen/A-DRZ/argus/stella_vslam_dense_argus/src/stella_vslam/optimize/internal/sim3/backward_reproj_edge.h", "C++", 0, 0, 0, 0, 0, 0, 0, 0, 0, 0, 0, 88, 0, 0, 0, 0, 0, 5, 30, 123
"/home/jklasen/A-DRZ/argus/stella_vslam_dense_argus/src/stella_vslam/optimize/internal/sim3/forward_reproj_edge.h", "C++", 0, 0, 0, 0, 0, 0, 0, 0, 0, 0, 0, 87, 0, 0, 0, 0, 0, 5, 30, 122
"/home/jklasen/A-DRZ/argus/stella_vslam_dense_argus/src/stella_vslam/optimize/internal/sim3/graph_opt_edge.h", "C++", 0, 0, 0, 0, 0, 0, 0, 0, 0, 0, 0, 76, 0, 0, 0, 0, 0, 0, 20, 96
"/home/jklasen/A-DRZ/argus/stella_vslam_dense_argus/src/stella_vslam/optimize/internal/sim3/mutual_reproj_edge_wrapper.h", "C++", 0, 0, 0, 0, 0, 0, 0, 0, 0, 0, 0, 212, 0, 0, 0, 0, 0, 40, 51, 303
"/home/jklasen/A-DRZ/argus/stella_vslam_dense_argus/src/stella_vslam/optimize/internal/sim3/shot_vertex.h", "C++", 0, 0, 0, 0, 0, 0, 0, 0, 0, 0, 0, 53, 0, 0, 0, 0, 0, 0, 20, 73
"/home/jklasen/A-DRZ/argus/stella_vslam_dense_argus/src/stella_vslam/optimize/internal/sim3/transform_vertex.h", "C++", 0, 0, 0, 0, 0, 0, 0, 0, 0, 0, 0, 57, 0, 0, 0, 0, 0, 0, 21, 78
"/home/jklasen/A-DRZ/argus/stella_vslam_dense_argus/src/stella_vslam/optimize/internal_gtsam/projection_factor.h", "C++", 0, 0, 0, 0, 0, 0, 0, 0, 0, 0, 0, 312, 0, 0, 0, 0, 0, 14, 64, 390
"/home/jklasen/A-DRZ/argus/stella_vslam_dense_argus/src/stella_vslam/optimize/local_bundle_adjuster.h", "C++", 0, 0, 0, 0, 0, 0, 0, 0, 0, 0, 0, 16, 0, 0, 0, 0, 0, 6, 8, 30
"/home/jklasen/A-DRZ/argus/stella_vslam_dense_argus/src/stella_vslam/optimize/local_bundle_adjuster_factory.h", "C++", 0, 0, 0, 0, 0, 0, 0, 0, 0, 0, 0, 31, 0, 0, 0, 0, 0, 0, 8, 39
"/home/jklasen/A-DRZ/argus/stella_vslam_dense_argus/src/stella_vslam/optimize/local_bundle_adjuster_g2o.cc", "C++", 0, 0, 0, 0, 0, 0, 0, 0, 0, 0, 0, 300, 0, 0, 0, 0, 0, 29, 71, 400
"/home/jklasen/A-DRZ/argus/stella_vslam_dense_argus/src/stella_vslam/optimize/local_bundle_adjuster_g2o.h", "C++", 0, 0, 0, 0, 0, 0, 0, 0, 0, 0, 0, 25, 0, 0, 0, 0, 0, 18, 12, 55
"/home/jklasen/A-DRZ/argus/stella_vslam_dense_argus/src/stella_vslam/optimize/local_bundle_adjuster_gtsam.cc", "C++", 0, 0, 0, 0, 0, 0, 0, 0, 0, 0, 0, 275, 0, 0, 0, 0, 0, 25, 53, 353
"/home/jklasen/A-DRZ/argus/stella_vslam_dense_argus/src/stella_vslam/optimize/local_bundle_adjuster_gtsam.h", "C++", 0, 0, 0, 0, 0, 0, 0, 0, 0, 0, 0, 25, 0, 0, 0, 0, 0, 18, 12, 55
"/home/jklasen/A-DRZ/argus/stella_vslam_dense_argus/src/stella_vslam/optimize/pose_optimizer.h", "C++", 0, 0, 0, 0, 0, 0, 0, 0, 0, 0, 0, 30, 0, 0, 0, 0, 0, 5, 11, 46
"/home/jklasen/A-DRZ/argus/stella_vslam_dense_argus/src/stella_vslam/optimize/pose_optimizer_factory.h", "C++", 0, 0, 0, 0, 0, 0, 0, 0, 0, 0, 0, 43, 0, 0, 0, 0, 0, 0, 7, 50
"/home/jklasen/A-DRZ/argus/stella_vslam_dense_argus/src/stella_vslam/optimize/pose_optimizer_g2o.cc", "C++", 0, 0, 0, 0, 0, 0, 0, 0, 0, 0, 0, 130, 0, 0, 0, 0, 0, 10, 34, 174
"/home/jklasen/A-DRZ/argus/stella_vslam_dense_argus/src/stella_vslam/optimize/pose_optimizer_g2o.h", "C++", 0, 0, 0, 0, 0, 0, 0, 0, 0, 0, 0, 36, 0, 0, 0, 0, 0, 15, 16, 67
"/home/jklasen/A-DRZ/argus/stella_vslam_dense_argus/src/stella_vslam/optimize/pose_optimizer_gtsam.cc", "C++", 0, 0, 0, 0, 0, 0, 0, 0, 0, 0, 0, 198, 0, 0, 0, 0, 0, 10, 31, 239
"/home/jklasen/A-DRZ/argus/stella_vslam_dense_argus/src/stella_vslam/optimize/pose_optimizer_gtsam.h", "C++", 0, 0, 0, 0, 0, 0, 0, 0, 0, 0, 0, 45, 0, 0, 0, 0, 0, 12, 15, 72
"/home/jklasen/A-DRZ/argus/stella_vslam_dense_argus/src/stella_vslam/optimize/terminate_action.cc", "C++", 0, 0, 0, 0, 0, 0, 0, 0, 0, 0, 0, 39, 0, 0, 0, 0, 0, 33, 8, 80
"/home/jklasen/A-DRZ/argus/stella_vslam_dense_argus/src/stella_vslam/optimize/terminate_action.h", "C++", 0, 0, 0, 0, 0, 0, 0, 0, 0, 0, 0, 15, 0, 0, 0, 0, 0, 27, 8, 50
"/home/jklasen/A-DRZ/argus/stella_vslam_dense_argus/src/stella_vslam/optimize/transform_optimizer.cc", "C++", 0, 0, 0, 0, 0, 0, 0, 0, 0, 0, 0, 100, 0, 0, 0, 0, 0, 22, 40, 162
"/home/jklasen/A-DRZ/argus/stella_vslam_dense_argus/src/stella_vslam/optimize/transform_optimizer.h", "C++", 0, 0, 0, 0, 0, 0, 0, 0, 0, 0, 0, 25, 0, 0, 0, 0, 0, 19, 13, 57
"/home/jklasen/A-DRZ/argus/stella_vslam_dense_argus/src/stella_vslam/publish/frame_publisher.cc", "C++", 0, 0, 0, 0, 0, 0, 0, 0, 0, 0, 0, 97, 0, 0, 0, 0, 0, 5, 29, 131
"/home/jklasen/A-DRZ/argus/stella_vslam_dense_argus/src/stella_vslam/publish/frame_publisher.h", "C++", 0, 0, 0, 0, 0, 0, 0, 0, 0, 0, 0, 48, 0, 0, 0, 0, 0, 25, 23, 96
"/home/jklasen/A-DRZ/argus/stella_vslam_dense_argus/src/stella_vslam/publish/map_publisher.cc", "C++", 0, 0, 0, 0, 0, 0, 0, 0, 0, 0, 0, 71, 0, 0, 0, 0, 0, 0, 15, 86
"/home/jklasen/A-DRZ/argus/stella_vslam_dense_argus/src/stella_vslam/publish/map_publisher.h", "C++", 0, 0, 0, 0, 0, 0, 0, 0, 0, 0, 0, 38, 0, 0, 0, 0, 0, 38, 21, 97
"/home/jklasen/A-DRZ/argus/stella_vslam_dense_argus/src/stella_vslam/solve/common.cc", "C++", 0, 0, 0, 0, 0, 0, 0, 0, 0, 0, 0, 24, 0, 0, 0, 0, 0, 6, 9, 39
"/home/jklasen/A-DRZ/argus/stella_vslam_dense_argus/src/stella_vslam/solve/common.h", "C++", 0, 0, 0, 0, 0, 0, 0, 0, 0, 0, 0, 11, 0, 0, 0, 0, 0, 0, 8, 19
"/home/jklasen/A-DRZ/argus/stella_vslam_dense_argus/src/stella_vslam/solve/essential_solver.cc", "C++", 0, 0, 0, 0, 0, 0, 0, 0, 0, 0, 0, 132, 0, 0, 0, 0, 0, 16, 50, 198
"/home/jklasen/A-DRZ/argus/stella_vslam_dense_argus/src/stella_vslam/solve/essential_solver.h", "C++", 0, 0, 0, 0, 0, 0, 0, 0, 0, 0, 0, 43, 0, 0, 0, 0, 0, 20, 20, 83
"/home/jklasen/A-DRZ/argus/stella_vslam_dense_argus/src/stella_vslam/solve/fundamental_solver.cc", "C++", 0, 0, 0, 0, 0, 0, 0, 0, 0, 0, 0, 128, 0, 0, 0, 0, 0, 19, 47, 194
"/home/jklasen/A-DRZ/argus/stella_vslam_dense_argus/src/stella_vslam/solve/fundamental_solver.h", "C++", 0, 0, 0, 0, 0, 0, 0, 0, 0, 0, 0, 47, 0, 0, 0, 0, 0, 21, 21, 89
"/home/jklasen/A-DRZ/argus/stella_vslam_dense_argus/src/stella_vslam/solve/homography_solver.cc", "C++", 0, 0, 0, 0, 0, 0, 0, 0, 0, 0, 0, 189, 0, 0, 0, 0, 0, 42, 64, 295
"/home/jklasen/A-DRZ/argus/stella_vslam_dense_argus/src/stella_vslam/solve/homography_solver.h", "C++", 0, 0, 0, 0, 0, 0, 0, 0, 0, 0, 0, 45, 0, 0, 0, 0, 0, 20, 20, 85
"/home/jklasen/A-DRZ/argus/stella_vslam_dense_argus/src/stella_vslam/solve/pnp_solver.cc", "C++", 0, 0, 0, 0, 0, 0, 0, 0, 0, 0, 0, 431, 0, 0, 0, 0, 0, 46, 106, 583
"/home/jklasen/A-DRZ/argus/stella_vslam_dense_argus/src/stella_vslam/solve/pnp_solver.h", "C++", 0, 0, 0, 0, 0, 0, 0, 0, 0, 0, 0, 73, 0, 0, 0, 0, 0, 41, 34, 148
"/home/jklasen/A-DRZ/argus/stella_vslam_dense_argus/src/stella_vslam/solve/triangulator.h", "C++", 0, 0, 0, 0, 0, 0, 0, 0, 0, 0, 0, 50, 0, 0, 0, 0, 0, 26, 20, 96
"/home/jklasen/A-DRZ/argus/stella_vslam_dense_argus/src/stella_vslam/system.cc", "C++", 0, 0, 0, 0, 0, 0, 0, 0, 0, 0, 0, 522, 0, 0, 0, 0, 0, 52, 110, 684
"/home/jklasen/A-DRZ/argus/stella_vslam_dense_argus/src/stella_vslam/system.h", "C++", 0, 0, 0, 0, 0, 0, 0, 0, 0, 0, 0, 126, 0, 0, 0, 0, 0, 93, 87, 306
"/home/jklasen/A-DRZ/argus/stella_vslam_dense_argus/src/stella_vslam/tracking_module.cc", "C++", 0, 0, 0, 0, 0, 0, 0, 0, 0, 0, 0, 528, 0, 0, 0, 0, 0, 50, 99, 677
"/home/jklasen/A-DRZ/argus/stella_vslam_dense_argus/src/stella_vslam/tracking_module.h", "C++", 0, 0, 0, 0, 0, 0, 0, 0, 0, 0, 0, 125, 0, 0, 0, 0, 0, 93, 82, 300
"/home/jklasen/A-DRZ/argus/stella_vslam_dense_argus/src/stella_vslam/type.h", "C++", 0, 0, 0, 0, 0, 0, 0, 0, 0, 0, 0, 111, 0, 0, 0, 0, 0, 12, 51, 174
"/home/jklasen/A-DRZ/argus/stella_vslam_dense_argus/src/stella_vslam/util/angle.cc", "C++", 0, 0, 0, 0, 0, 0, 0, 0, 0, 0, 0, 17, 0, 0, 0, 0, 0, 0, 3, 20
"/home/jklasen/A-DRZ/argus/stella_vslam_dense_argus/src/stella_vslam/util/angle.h", "C++", 0, 0, 0, 0, 0, 0, 0, 0, 0, 0, 0, 10, 0, 0, 0, 0, 0, 0, 5, 15
"/home/jklasen/A-DRZ/argus/stella_vslam_dense_argus/src/stella_vslam/util/converter.cc", "C++", 0, 0, 0, 0, 0, 0, 0, 0, 0, 0, 0, 67, 0, 0, 0, 0, 0, 0, 13, 80
"/home/jklasen/A-DRZ/argus/stella_vslam_dense_argus/src/stella_vslam/util/converter.h", "C++", 0, 0, 0, 0, 0, 0, 0, 0, 0, 0, 0, 31, 0, 0, 0, 0, 0, 7, 14, 52
"/home/jklasen/A-DRZ/argus/stella_vslam_dense_argus/src/stella_vslam/util/fancy_index.h", "C++", 0, 0, 0, 0, 0, 0, 0, 0, 0, 0, 0, 54, 0, 0, 0, 0, 0, 0, 18, 72
"/home/jklasen/A-DRZ/argus/stella_vslam_dense_argus/src/stella_vslam/util/image_converter.cc", "C++", 0, 0, 0, 0, 0, 0, 0, 0, 0, 0, 0, 105, 0, 0, 0, 0, 0, 0, 12, 117
"/home/jklasen/A-DRZ/argus/stella_vslam_dense_argus/src/stella_vslam/util/image_converter.h", "C++", 0, 0, 0, 0, 0, 0, 0, 0, 0, 0, 0, 17, 0, 0, 0, 0, 0, 0, 11, 28
"/home/jklasen/A-DRZ/argus/stella_vslam_dense_argus/src/stella_vslam/util/keyframe_converter.cc", "C++", 0, 0, 0, 0, 0, 0, 0, 0, 0, 0, 0, 20, 0, 0, 0, 0, 0, 0, 8, 28
"/home/jklasen/A-DRZ/argus/stella_vslam_dense_argus/src/stella_vslam/util/keyframe_converter.h", "C++", 0, 0, 0, 0, 0, 0, 0, 0, 0, 0, 0, 11, 0, 0, 0, 0, 0, 0, 7, 18
"/home/jklasen/A-DRZ/argus/stella_vslam_dense_argus/src/stella_vslam/util/random_array.cc", "C++", 0, 0, 0, 0, 0, 0, 0, 0, 0, 0, 0, 48, 0, 0, 0, 0, 0, 8, 15, 71
"/home/jklasen/A-DRZ/argus/stella_vslam_dense_argus/src/stella_vslam/util/random_array.h", "C++", 0, 0, 0, 0, 0, 0, 0, 0, 0, 0, 0, 14, 0, 0, 0, 0, 0, 1, 7, 22
"/home/jklasen/A-DRZ/argus/stella_vslam_dense_argus/src/stella_vslam/util/sqlite3.cc", "C++", 0, 0, 0, 0, 0, 0, 0, 0, 0, 0, 0, 86, 0, 0, 0, 0, 0, 0, 10, 96
"/home/jklasen/A-DRZ/argus/stella_vslam_dense_argus/src/stella_vslam/util/sqlite3.h", "C++", 0, 0, 0, 0, 0, 0, 0, 0, 0, 0, 0, 25, 0, 0, 0, 0, 0, 0, 7, 32
"/home/jklasen/A-DRZ/argus/stella_vslam_dense_argus/src/stella_vslam/util/stereo_rectifier.cc", "C++", 0, 0, 0, 0, 0, 0, 0, 0, 0, 0, 0, 74, 0, 0, 0, 0, 0, 6, 11, 91
"/home/jklasen/A-DRZ/argus/stella_vslam_dense_argus/src/stella_vslam/util/stereo_rectifier.h", "C++", 0, 0, 0, 0, 0, 0, 0, 0, 0, 0, 0, 27, 0, 0, 0, 0, 0, 11, 15, 53
"/home/jklasen/A-DRZ/argus/stella_vslam_dense_argus/src/stella_vslam/util/string.h", "C++", 0, 0, 0, 0, 0, 0, 0, 0, 0, 0, 0, 25, 0, 0, 0, 0, 0, 0, 7, 32
"/home/jklasen/A-DRZ/argus/stella_vslam_dense_argus/src/stella_vslam/util/trigonometric.h", "C++", 0, 0, 0, 0, 0, 0, 0, 0, 0, 0, 0, 40, 0, 0, 0, 0, 0, 0, 12, 52
"/home/jklasen/A-DRZ/argus/stella_vslam_dense_argus/src/stella_vslam/util/yaml.cc", "C++", 0, 0, 0, 0, 0, 0, 0, 0, 0, 0, 0, 20, 0, 0, 0, 0, 0, 0, 4, 24
"/home/jklasen/A-DRZ/argus/stella_vslam_dense_argus/src/stella_vslam/util/yaml.h", "C++", 0, 0, 0, 0, 0, 0, 0, 0, 0, 0, 0, 14, 0, 0, 0, 0, 0, 0, 8, 22
"/home/jklasen/A-DRZ/argus/stella_vslam_dense_argus/test/helper/bearing_vector.cc", "C++", 0, 0, 0, 0, 0, 0, 0, 0, 0, 0, 0, 24, 0, 0, 0, 0, 0, 1, 6, 31
"/home/jklasen/A-DRZ/argus/stella_vslam_dense_argus/test/helper/bearing_vector.h", "C++", 0, 0, 0, 0, 0, 0, 0, 0, 0, 0, 0, 8, 0, 0, 0, 0, 0, 0, 6, 14
"/home/jklasen/A-DRZ/argus/stella_vslam_dense_argus/test/helper/keypoint.cc", "C++", 0, 0, 0, 0, 0, 0, 0, 0, 0, 0, 0, 62, 0, 0, 0, 0, 0, 2, 16, 80
"/home/jklasen/A-DRZ/argus/stella_vslam_dense_argus/test/helper/keypoint.h", "C++", 0, 0, 0, 0, 0, 0, 0, 0, 0, 0, 0, 13, 0, 0, 0, 0, 0, 0, 10, 23
"/home/jklasen/A-DRZ/argus/stella_vslam_dense_argus/test/helper/landmark.cc", "C++", 0, 0, 0, 0, 0, 0, 0, 0, 0, 0, 0, 82, 0, 0, 0, 0, 0, 0, 18, 100
"/home/jklasen/A-DRZ/argus/stella_vslam_dense_argus/test/helper/landmark.h", "C++", 0, 0, 0, 0, 0, 0, 0, 0, 0, 0, 0, 14, 0, 0, 0, 0, 0, 0, 9, 23
"/home/jklasen/A-DRZ/argus/stella_vslam_dense_argus/test/stella_vslam/feature/orb_extractor.cc", "C++", 0, 0, 0, 0, 0, 0, 0, 0, 0, 0, 0, 293, 0, 0, 0, 0, 0, 37, 72, 402
"/home/jklasen/A-DRZ/argus/stella_vslam_dense_argus/test/stella_vslam/feature/orb_params.cc", "C++", 0, 0, 0, 0, 0, 0, 0, 0, 0, 0, 0, 55, 0, 0, 0, 0, 0, 0, 17, 72
"/home/jklasen/A-DRZ/argus/stella_vslam_dense_argus/test/stella_vslam/match/base.cc", "C++", 0, 0, 0, 0, 0, 0, 0, 0, 0, 0, 0, 42, 0, 0, 0, 0, 0, 0, 16, 58
"/home/jklasen/A-DRZ/argus/stella_vslam_dense_argus/test/stella_vslam/solve/essential_solver.cc", "C++", 0, 0, 0, 0, 0, 0, 0, 0, 0, 0, 0, 126, 0, 0, 0, 0, 0, 30, 38, 194
"/home/jklasen/A-DRZ/argus/stella_vslam_dense_argus/test/stella_vslam/solve/fundamental_solver.cc", "C++", 0, 0, 0, 0, 0, 0, 0, 0, 0, 0, 0, 176, 0, 0, 0, 0, 0, 35, 38, 249
"/home/jklasen/A-DRZ/argus/stella_vslam_dense_argus/test/stella_vslam/solve/homography_solver.cc", "C++", 0, 0, 0, 0, 0, 0, 0, 0, 0, 0, 0, 138, 0, 0, 0, 0, 0, 28, 23, 189
"/home/jklasen/A-DRZ/argus/stella_vslam_dense_argus/test/stella_vslam/solve/pnp_solver.cc", "C++", 0, 0, 0, 0, 0, 0, 0, 0, 0, 0, 0, 119, 0, 0, 0, 0, 0, 25, 48, 192
"/home/jklasen/A-DRZ/argus/stella_vslam_dense_argus/test/stella_vslam/util/fancy_index.cc", "C++", 0, 0, 0, 0, 0, 0, 0, 0, 0, 0, 0, 130, 0, 0, 0, 0, 0, 36, 31, 197
"/home/jklasen/A-DRZ/argus/stella_vslam_dense_argus/test/stella_vslam/util/random_array.cc", "C++", 0, 0, 0, 0, 0, 0, 0, 0, 0, 0, 0, 17, 0, 0, 0, 0, 0, 2, 7, 26
"/home/jklasen/A-DRZ/argus/stella_vslam_dense_argus/test/stella_vslam/util/trigonometric.cc", "C++", 0, 0, 0, 0, 0, 0, 0, 0, 0, 0, 0, 16, 0, 0, 0, 0, 0, 0, 5, 21
"/home/jklasen/A-DRZ/argus/stella_vslam_dense_argus/transmission.py", "Python", 0, 0, 0, 19, 0, 0, 0, 0, 0, 0, 0, 0, 0, 0, 0, 0, 0, 1, 2, 22
"/home/jklasen/A-DRZ/argus/stella_vslam_dense_argus/util.py", "Python", 0, 0, 0, 18, 0, 0, 0, 0, 0, 0, 0, 0, 0, 0, 0, 0, 0, 1, 1, 20
"/home/jklasen/A-DRZ/argus/stella_vslam_dense_argus/video_stitcher.py", "Python", 0, 0, 0, 46, 0, 0, 0, 0, 0, 0, 0, 0, 0, 0, 0, 0, 0, 7, 15, 68
"/home/jklasen/A-DRZ/argus/uninstall.sh", "Shell Script", 16, 0, 0, 0, 0, 0, 0, 0, 0, 0, 0, 0, 0, 0, 0, 0, 0, 5, 6, 27
"/home/jklasen/A-DRZ/argus/webodm_settings.py", "Python", 0, 0, 0, 1, 0, 0, 0, 0, 0, 0, 0, 0, 0, 0, 0, 0, 0, 0, 1, 2
"Total", "-", 254, 1543, 122, 15692, 1190, 427, 853, 13353, 82, 76, 8979, 47064, 72, 89, 19, 14, 3, 18732, 19024, 127588